1	9400010	Tenacity
2	9400020	Meditation
3	9400030	Technique
4	9400040	Preemption
5	9400050	Destruction
6	9400060	Flash
7	9400070	Opportunity
8	9400080	Fruitful
9	9400090	Concentration
10	9400100	Divine Oracle
11	9400110	Azoth Blade
12	9400120	False Attendant's Writings
13	9400130	The Azure Black Keys
14	9400140	The Verdant Black Keys
15	9400150	The Crimson Black Keys
16	9400160	Rin's Pendant
17	9400170	Spell Tome
18	9400180	Dragon's Meridian
19	9400190	Sorcery Ore
20	9400200	Dragonkin
21	9400210	Iron-Willed Training
22	9400220	Primeval Curse
23	9400230	Projection
24	9400240	Gandr
25	9400250	Verdant Sound of Destruction
26	9400260	Gem Magecraft: Antumbra
27	9400270	Be Elegant
28	9400280	The Imaginary Element
29	9400290	Divine Banquet
30	9400300	Angel's Song
31	9400310	Formal Craft
32	9400320	Imaginary Around
33	9400330	Limited/Zero Over
34	9400340	Kaleidoscope
35	9400350	Heaven's Feel
36	9400360	Beginning of the Journey
37	9400370	Parted Sea
38	9400380	Seal Designation Enforcer
39	9400390	Holy Shroud of Magdalene
40	9400400	Prisma Cosmos
41	9400410	Nightless Rose
42	9400420	Mooncell Automaton
43	9400430	Moony Jewel
44	9400440	Moon Goddess' Bath
45	9400450	Moonlight Fest
46	9400460	Runestone
47	9400470	With One Strike
48	9400480	The Black Grail
49	9400490	Jack-o'-lantern
50	9400500	Trick or Treat
51	9400510	Halloween Arrangement
52	9400520	Halloween Princess
53	9400530	Little Halloween Devil
54	9400540	Maid in Halloween
55	9400550	Anchors Aweigh
56	9400560	Code Cast
57	9400570	Victor of the Moon
58	9400580	Another Ending
59	9400590	Fate GUDAGUDA Order
60	9400600	After-Party Order!
61	9400610	GUDA-O
62	9400620	GUDAGUDA Poster Girl
63	9800300	CE EXP Card: Okita
64	9800400	CE EXP Card: Nobbu
65	9400630	Demon Boar
66	9400640	Knight's Dignity
67	9400650	A Fragment of 2030
68	9400660	Lightning Reindeer
69	9400670	March of the Saint
70	9400680	Present for My Master
71	9400690	Holy Night Sign
72	9400700	Clock Tower
73	9400710	Necromancy
74	9400720	Awakened Will
75	9400730	500-Year Obsession
76	9400740	Peacefulness of 2016
77	9400750	Heroic New Year
78	9400760	Law of the Jungle
79	9400770	Grand New Year
80	9400780	Mona Lisa
81	9400790	Happy x3 Order
82	9400810	Purely Bloom
83	9400820	Star of Altria
84	9400830	Trueshot
85	9400840	Mikotto! Bride Training
86	9400850	The Crimson Land of Shadows
87	9800500	CE EXP Card: Mysterious Substance α
88	9800600	CE EXP Card: Mysterious Substance β
89	9400860	Ryudoji Temple
90	9400870	Mana Gauge
91	9400880	Elixir of Love
92	9400890	Storch Ritter
93	9400900	Hermitage
94	9400920	Motored Cuirassier
95	9400930	Stuffed Lion
96	9400940	Lugh's Halo
97	9400950	Vessel of the Saint
98	9400960	Golden Millennium Tree
99	9400970	Heroic Portrait: Mash Kyrielight
100	9400980	Heroic Portrait: Altria Pendragon
101	9400990	Heroic Portrait: Jeanne d'Arc
102	9401000	Heroic Portrait: Altera
103	9401010	Heroic Portrait: Arjuna
104	9401020	Heroic Portrait: Scáthach
105	9401030	Heroic Portrait: Ushiwakamaru
106	9401040	Heroic Portrait: Henry Jekyll & Hyde
107	9401050	Heroic Portrait: Mephistopheles
108	9401060	Heroic Portrait: Darius III
109	9401070	Valentine Dojo of Tears
110	9401080	Kitchen☆Patissiere
111	9401090	Street Choco-Maid
112	9401100	Melty Sweetheart
113	9800700	Chaldea Standard
114	9800800	Crown Saber
115	9800900	Crown Saber Morgan
116	9801000	Ranch Chocolate
117	9801100	The Emperor
118	9801200	Enrober Photon
119	9801300	Maxim de Chevalier
120	9801400	Victory Rose
121	9801500	Yatsuhashi Chocolate
122	9801600	Strawberry Thunder Crunch
123	9801700	May Breeze
124	9801800	Apple Arrow
125	9801900	Snake Chocolate (Random)
126	9802000	HELP
127	9802100	The Inevitable
128	9802200	Octo Octo Maiden
129	9802300	Bitter Pitch Black
130	9802400	World's End White
131	9802500	Wisdom of Ice
132	9802600	Brand Chocolate
133	9802700	Grand Blade Usumidori
134	9802800	Royal White Steed
135	9802900	Homemade Cookies and Object X
136	9803000	Mug Bonbon
137	9803100	Treasure Chocolate
138	9803200	Christmas Memory
139	9803300	Merry☆Merry
140	9803400	Pumpkin Maiden
141	9803500	Chocolat Jewel
142	9803600	Ninefold Nested Confections
143	9803700	Powder Sugar Snow Tale
144	9803800	Snake Chocolate (with Love)
145	9803900	Knife Chocolate Bitter
146	9804000	From Java with Love
147	9804100	Blood Ruby Chocolate
148	9804200	Dear Mom
149	9804300	Du Stallion Chocolate
150	9804400	Kiyohime with Ribbons
151	9804500	Wonderful Life
152	9804600	Hexagon Chocolate Bolt
153	9804700	St. Orleans
154	9401110	Decapitating Bunny 2016
155	9401120	Mature Gentleman
156	9401130	Grand Puppeteer
157	9401140	Threefold Barrier
158	9401150	Vivid Dance of Fists
159	9401160	Mystic Eyes of Distortion
160	9401170	Summer's Precognition
161	9401180	Chorus
162	9401190	Sprinter
163	9401200	Repeat Magic
164	9804800	CE EXP Card: Kuji Kanesada
165	9401210	Kiss Your Hand
166	9401220	Teacher and I
167	9401230	Versus
168	9401240	Beasts Under the Moon
169	9401250	Glass Full Sweet Time
170	9401260	Salon de Marie
171	9401270	Prince of Slayer
172	9401280	Noisy Obsession
173	9401290	Last Encore
174	9401300	[Heaven's Feel]
175	9401310	Ideal Holy King
176	9401320	Record Holder
177	9401330	Beast of Billows
178	9401340	Personal Training
179	9401350	The Scholars of Chaldea
180	9401360	Maiden Leading Chaldea
181	9401370	The Merciless One
182	9401380	Art of the Poisonous Snake
183	9401390	Art of Death
184	9401400	Gentle Affection
185	9401410	Volumen Hydrargyrum
186	9401420	Innocent Maiden
187	9401430	Self Geas Scroll
188	9401440	Before Awakening
189	9401450	His Rightful Place
190	9804900	CE EXP Card: Crest Worms
191	9300010	Crown of the Star
192	9300020	Relic of the King
193	9300030	Triumph of the Impaler
194	9300040	Revelation from Heaven
195	9300050	Memories of the Dragon
196	9300060	Hunter of the Red Plains
197	9300070	Castle of Snow
198	9300080	Yggdrasil Tree
199	9300090	Scorching Embrace
200	9300100	Worthless Jewel
201	9300110	Eternal Solitude
202	9300120	Queen's Present
203	9300130	Elixir
204	9300140	My Necklace
205	9300150	The Staff He Gave Me
206	9300160	Iron Maiden
207	9300170	Cat Apron
208	9300180	Thirst for Victory
209	9300190	To My Dear Friend
210	9300200	Sacred Devotion
211	9401460	The Wandering Tales of Shana-oh
212	9401470	Golden Captures the Carp
213	9401480	A Fox Night's Dream
214	9401490	Burning Tale of Love
215	9401500	Reciting the Subscription List
216	9300210	Key of the King's Law
217	9300220	Golden Glass
218	9300230	Thunderous Applause
219	9300240	Das Rheingold
220	9300250	Radiance of the Goddess
221	9300260	Voyage of the Flowers
222	9300270	Ark of the Covenant
223	9300280	Door to Babylon
224	9300290	Blood-Thirsting Axe
225	9300300	Insurrection
226	9401510	Go West!!
227	9401520	The Classic Three Great Heroes
228	9401550	True Samadhi Fire
229	9401560	All Three Together
230	9300310	Tri-star Belt
231	9300320	Golden Helm
232	9300330	Black Knight's Helmet
233	9300340	Golden Apple
234	9300350	Holy Pumpkin Grail
235	9300360	Rotary Matchlock
236	9300370	Llamrei Unit II
237	9300380	Things to Calm the Heart
238	9300390	Glory of Past Days
239	9300400	Heaven Among the Mountains
240	9401530	Divine Princess of the Storm
241	9401540	Ox-Demon King
242	9401710	Personal Lesson
243	9401570	Bronze-Link Manipulator
244	9401580	Ath nGabla
245	9401600	Bygone Dream
246	9401610	Extremely Spicy Mapo Tofu
247	9401620	Jeweled Sword Zelretch
248	9300410	Tamamo's Club
249	9300420	Headband of Resolve
250	9300430	Calico Jack
251	9300440	Gaze Upon Dún Scáith
252	9300450	Star of Prophecy
253	9300460	Hekate's Staff
254	9300470	Shapeless Isle
255	9300480	Cask of the Wise
256	9300490	Shaytan's Arm
257	9300500	Ariadne's Thread
258	9401630	Dumplings Over Flowers
259	9401660	Faithful Companions
260	9401650	Hidden Sword: Pheasant Reversal
261	9401640	Golden Sumo: Boulder Tournament
262	9401670	Hot Spring Under the Moon
263	9401680	Origin Bullet
264	9401690	Covering Fire
265	9401700	Battle of Camlann
266	9300510	Who Am I?
267	9300520	A Misty Night in London
268	9300530	Wonderland
269	9300540	No Face May King
270	9300550	Usumidori
271	9300560	Etiquette of Nine Guests
272	9300570	Heaven Scorcher Halberd
273	9300580	What Can Be Left Behind
274	9300590	Hot Gate
275	9300600	Haydn Quartets
276	9401720	Anniversary Heroines
277	9401730	Leisure Stroll
278	9401740	Partake with the King
279	9401750	Goldfish Scooping
280	9401760	Fire Flower
281	9300610	Hand of Lightning
282	9300620	Hero of the Endowed
283	9300630	Light of the Deprived
284	9300640	Path to Humanity
285	9300650	Black Helmet
286	9300660	Legend of the Gallic War
287	9300670	Rome
288	9300680	Encounter at Gojo Bridge
289	9300690	Impure Death Mask
290	9300700	Really Convenient
291	9401770	Pirates Party!
292	9401780	Summertime Mistress
293	9401790	Twilight Memory
294	9401800	Shiny Goddess
295	9401810	Knights of Marines
296	9401820	Chaldea Lifesavers
297	9401830	Meat Wars
298	9401840	Shaved Ice (Void's Dust Flavor)
299	9300710	Annihilation List
300	9300720	Imperishable Flames
301	9300730	Ring of Bay Laurel
302	9300740	Final Battle
303	9300750	Salmon of Knowledge
304	9300760	Prelati's Spellbook
305	9300770	Parasitic Bomb
306	9300780	Surge of the Warrior
307	9300790	My Loathsome Life
308	9300800	There is No Love Here
309	9401850	Magical Girl of Sapphire
310	9401860	Kill on Sight
311	9401870	Zunga Zunga!
312	9401890	Kaleid Ruby
313	9401880	Kaleid Sapphire
314	9401910	CE EXP Card: Magical Ruby
315	9300810	True Emptiness
316	9300820	Amakusa Shirou's Rally Flag
317	9300830	Château d'If
318	9300840	Unlimited Pancakes
319	9300850	Red Leather Jacket
320	9300860	Otherworldly Mystical Horse
321	9300870	Letter From a Friend
322	9300880	Hound of Culann
323	9300890	Radiance of the Goddess
324	9300900	Hero's Armament
325	9401920	Glory Is With Me
326	9401930	Original Legion
327	9401940	Howl at the Moon
328	9401950	Princess of the White Rose
329	9401960	Joint Recital
330	9401970	Chaldea Lunchtime
331	9402040	Fragarach
332	9402050	Inverted Moon of the Heavens
333	9401590	Hydra Dagger
334	9300910	Indefatigable
335	9300920	One-man War
336	9300930	Sacred Spring
337	9300940	Indestructible Blade
338	9300950	Concealed Goddess
339	9300960	Lights of Civilization
340	9300970	Skill That Reaches the Realm of Gods
341	9300980	Knight's Oath
342	9300990	Elemental
343	9301000	True Difference Engine
344	9401980	Dangerous Beast
345	9401990	Witch Under the Moonlight
346	9402000	Count Romani Archaman's Hospitality
347	9402010	Hero Elly's Adventure
348	9402020	Wizard & Priest
349	9402030	Mata Hari's Tavern
350	9301010	Hell of Blazing Punishment
351	9301020	Gordian Knot
352	9301030	White Dragon
353	9301040	Where the Sun Doesn't Reach
354	9301050	The Dress of Heaven
355	9301060	Manifestation of the Golden Rule
356	9301070	Spirits of This Land
357	9301080	Extol the Gun
358	9301090	Library of the Hundred Personas
359	9301100	Final Fragment
360	9301110	Fate/EXTELLA
361	9301120	Spiritron Portrait: Nero Claudius
362	9301170	Spiritron Portrait: Nameless
363	9301130	Spiritron Portrait: Tamamo-no-Mae
364	9301160	Spiritron Portrait: Karna
365	9301140	Spiritron Portrait: Altera
366	9301150	Spiritron Portrait: Gilgamesh
367	9301180	Divine Wine - Shinpen Kidoku
368	9301190	Doujigiri Yasutsuna
369	9301200	Ramesseum
370	9301210	Bone Sword (Nameless)
371	9301220	Golden Bear
372	9301230	Gringolet
373	9301240	A Single Lie
374	9301250	Unused Royal Authority
375	9301260	Oni's Mask
376	9301270	Inexhaustible Food
377	9301280	King's Horse
378	9301290	Universal Wisdom, Root of Intellect
379	9301300	Sunset Beach
380	9301310	Lady of the Lake
381	9301320	Summer Memory
382	9301330	Taking a Bath!
383	9301340	Prydwen
384	9301350	Summer Love Letter (Terror)
385	9301360	Lost Right Arm
386	9301370	Proof of Existence
387	9402070	A Moment of Tranquility
388	9402160	Reading on the Holy Night
389	9402080	Saint's Invitation
390	9402090	Holy Night Supper
391	9301380	Champion Cup
392	9301390	Install
393	9301400	Serpent of Fate
394	9301410	Holy Knuckle
395	9301420	Minimum Etiquette
396	9301430	Shared Pain
397	9301440	Faith in the Depths of the Earth
398	9301450	Invitation to Halloween
399	9301460	First Order
400	9402100	Devilish Bodhisattva
401	9402110	Room Guard
402	9402120	Seeker of Miracles
403	9301470	Seven-Headed Warhammer Cita
404	9301480	Huwawa's Flowers
405	9301490	Piedra del Sol
406	9301500	The Door into the Sea
407	9301510	The Tablet of Destinies
408	9301520	Chrysaor
409	9301530	Impossible Tomorrow
410	9301540	Primal Flame
411	9301550	The Tower of Avalon
412	9402130	First Sunrise
413	9402140	Izome, the First Arrow
414	9402150	Over the Cuckoo's Nest
415	9301560	Cheers to 2017
416	9301570	Bodhisattva of the Void
417	9301580	The Mountain Abyss
418	9402170	Reality Marble
419	9402180	Potion of Youth
420	9402190	Collection of Mysterious Masks
421	9402200	Cute Orangette
422	9402210	Chocolatier
423	9402220	Chocolate Angel
424	9402230	Bitter Black
425	9402240	Blissful Time
426	9402250	Arrogance of a Victor
427	9402060	Sweet Crystal
428	9402260	Fondant au Chocolat
429	9301590	Mini Black Knight
430	9805000	High-End Japanese Sweets
431	9805010	Special Dumplings
432	9805020	Dragon Cosplay
433	9805030	Brief Moment of Joy
434	9805040	Hanuman's Favorite Bananas
435	9805050	Blossom of Noble Hope
436	9805060	Your Skin's Best Friend
437	9805070	Legendary Chocolate Orb
438	9805080	Cena, Caesar Style
439	9805090	Jeanne Fan Club Monthly
440	9805100	Our Room Is Ready
441	9805110	Silver Box of Cookies
442	9805120	Lapis Lazuli Bracelet
443	9805130	Snack Stick (BBQ Flavor)
444	9805140	AC Lightning Cookies
445	9805150	Karna's Bane
446	9805160	Blue Sky Vanilla Parfait
447	9805170	Chocolate Gems
448	9805180	Kitchen Starter Set
449	9805190	Tristan's Greatest Hits
450	9805200	Just an Ordinary (?) Chocolate
451	9805210	Just Pay Me Back with a Kiss
452	9805220	Nameless Commemorative Coins
453	9805230	My Love for Abishag
454	9805240	Waku Waku Zabuun VIP Ticket
455	9805250	Silver Bullet
456	9805260	Touta's Secret Fishing Gear
457	9805270	Hummus Dip
458	9805280	Dusk Earrings
459	9805290	World's End Castle
460	9805300	Chocolate Screwdriver
461	9805310	White Flower
462	9805320	Red Flower
463	9805330	DHA
464	9805340	Tieguanyin Tea (?)
465	9805350	Just Some Ordinary Chocolates
466	9805360	Carnivore Carnival
467	9805370	Bitter Bitter Bitter Chocolates
468	9805380	Chocolate Egg
469	9805390	Rune Stone Earring Chocolates
470	9805400	Remnant from 1999
471	9805410	Pax Romana
472	9805420	Miniature Trojan Horse
473	9805430	White Rose Bouquet
474	9805440	Cacao Beans
475	9805450	Blank Subscription List
476	9805460	Iron Marshmallows
477	9805470	Medb's Honey Chocolate
478	9805480	Goblet of a Hero
479	9805490	Sphinx Awlad
480	9805500	Xocolatl Libertad
481	9805510	Hippogriff Plushie (1:1 Scale)
482	9805520	Cute Rabbit Chocolates
483	9805530	Rider Belt Replica
484	9805540	Super Thunder Chocolate Crunch Stick
485	9805550	Half-Read Iliad
486	9805560	Bayard's Mane
487	9805570	Secret, Prized, Treasured Albums
488	9805580	Cigar and Wine
489	9805590	Peach Compote
490	9805600	Bastenyan X
491	9805610	Vitruvian Cioccolato
492	9805620	Lovingly Handmade Chocolates
493	9805630	Puppet Fou
494	9805640	UFO
495	9805650	DC Grateful Cookies
496	9805660	Mama's Best Cake
497	9805670	Blessings of the Nile
498	9805680	Mont Blanc au Chocolat
499	9805690	Evenings by the Euphrates
500	9805700	Gilles Doll Rais
501	9805710	Tick-Tock
502	9805720	Druid's Staff
503	9805730	Tea Time with the Five Elements
504	9805740	Everything Begins with Numbers
505	9805750	Geronimo-Style Moccasins
506	9805760	Bluebird Mouse
507	9805770	Sonnet CLV
508	9805780	Toy Piano
509	9805800	Nectar Bonbons
510	9805810	Al-Bakhoor
511	9805820	Red and White Chocolate
512	9805830	Bullets and a Gun
513	9805840	Bitter Tasting Summer
514	9805850	Super Nile Fruit Basket
515	9805860	Handmade Rice Balls
516	9805870	Assorted Chocolates, 100 Count
517	9805880	Fuuma Manjyu
518	9805890	Dark Black Kiss
519	9805900	Hassan's Throw
520	9805910	Sanson's Nutritious Chocolate Drink
521	9805920	White Mask of Death
522	9805930	Full Moon Viewing
523	9805940	Golden Gold Set
524	9805950	Scapegoat
525	9805960	First Aid Kit
526	9805970	Mini Cú
527	9805980	Supreme Genji Kashiwa Mochi
528	9805790	Mysterious Hot Chocolate X
529	9805990	Boar Hoodie
530	9806000	Sword from Someone's Treasury
531	9806010	Chargrilled Swedish Dragon Sirloin
532	9806020	Something Sweet
533	9806030	Headpiece of Celebration
534	9806040	Pil Gaugamela
535	9806050	Si Vales Valeo
536	9806060	Letter from Mrs. Bloodaxe
537	9806070	First Step to Rebellion
538	9806080	Labyrinth Map
539	9806090	Handmade Church Cookies
540	9806100	The Maiden Saint's Breather
541	9806110	Freshly Brewed Coffee
542	9806120	Self Destructing Giant Destruction Chocolate
543	9806130	Chocolate Eggs (Multiple)
544	9806140	Devil's Bandana
545	9402270	Freelancer
546	9301600	The Dynamics of an Asteroid
547	9301610	Kanshou and Bakuya (Pistols)
548	9301620	Distant Plains
549	9301630	108 Demonic Stars
550	9402280	Conversation on the Hot Sands
551	9402290	The Dantès Files: The Case of the Spring Jaunt
552	9402300	As You Wish
553	9402310	Café Camelot
554	9402320	Outrage
555	9402330	Operation Fianna
556	9402340	Quatre Feuilles
557	9402350	Neverland
558	9402360	La Siesta
559	9301640	The Garden
560	9402370	Demon King of the Sixth Heaven
561	9402380	Fortress of the Sun
562	9402390	Wolves of Mibu
563	9402400	A Stroll in the Spring Breeze
564	9402410	The Flower of High Society
565	9806150	CE EXP Card: GUDAGUDA Meiji Restoration
566	9806160	CE EXP Card: GUDAGUDA Recruitment
567	9301650	Haori of the Vow
568	9301660	Azuki Beanbags
569	9402420	Conquering the Great Sea of Stars
570	9402430	One Summer
571	9402440	Tsukimihara Student Council
572	9402450	Premonition of Beginnings
573	9402460	The Cage
574	9806170	CE EXP Card: BB Shot!
575	9301670	Dazzling Radiance
576	9301690	Look Away No Longer
577	9301700	A Dream by the Wayside
578	9301710	Demoness of the Heavens' Love Training
579	9301680	Cradle Dream
580	9402470	Ruined Church
581	9402480	Marugoshi Shinji
582	9402490	Atlas Institute
583	9301790	Fate/Apocrypha
584	9301800	FGO THE STAGE
585	9402500	Phantasmal Species
586	9301720	King Shahryār's Bedchamber
587	9301730	The Palace of Luoyang
588	9301740	Military Sash of the God of War
589	9301750	La Niña
590	9402510	Chaldea Anniversary
591	9402520	Afternoon Party
592	9402530	Starlight Festival
593	9301810	Learning with Manga! FGO
594	9301820	Formal Portrait: Mash Kyrielight
595	9301830	Formal Portrait: Altria Pendragon
596	9301840	Formal Portrait: Altera
597	9301850	Formal Portrait: Mordred
598	9301860	Formal Portrait: Arthur Pendragon
599	9301870	Formal Portrait: Nero Claudius
600	9301880	Formal Portrait: Chevalier d'Eon
601	9301890	Formal Portrait: Lancelot
602	9301900	Formal Portrait: Gaius Julius Caesar
603	9301910	Formal Portrait: Bedivere
604	9301930	Formal Portrait: Arjuna
605	9301940	Formal Portrait: Ishtar
606	9301950	Formal Portrait: Emiya
607	9301960	Formal Portrait: Atalante
608	9301970	Formal Portrait: Euryale
609	9301980	Formal Portrait: Scáthach
610	9301990	Formal Portrait: Karna
611	9302000	Formal Portrait: Altria Pendragon
612	9302010	Formal Portrait: Altria Pendragon
613	9302030	Formal Portrait: Romulus
614	9302040	Formal Portrait: Medusa
615	9302050	Formal Portrait: Jaguar Warrior
616	9302060	Formal Portrait: Queen Medb
617	9302080	Formal Portrait: Quetzalcoatl
618	9302090	Formal Portrait: Marie Antoinette
619	9302100	Formal Portrait: Ushiwakamaru
620	9302110	Formal Portrait: Boudica
621	9302120	Formal Portrait: Edward Teach
622	9302130	Formal Portrait: Leonardo da Vinci
623	9302140	Formal Portrait: Nitocris
624	9301920	Formal Portrait: Gilgamesh
625	9302020	Formal Portrait: Cú Chulainn
626	9302150	Formal Portrait: Mephistopheles
627	9302170	Formal Portrait: Wolfgang Amadeus Mozart
628	9302180	Formal Portrait: Assassin of the Nightless City
629	9302190	Formal Portrait: Hassan of the Cursed Arm
630	9302200	Formal Portrait: Vlad III
631	9302210	Formal Portrait: Sakata Kintoki
632	9302220	Formal Portrait: Florence Nightingale
633	9302230	Formal Portrait: Cú Chulainn
634	9302240	Formal Portrait: Heracles
635	9302250	Formal Portrait: Frankenstein
636	9302260	Formal Portrait: Berserker of El Dorado
637	9302270	Formal Portrait: Kiyohime
638	9302280	Formal Portrait: Asterios
639	9302290	Formal Portrait: Jeanne d'Arc
640	9302300	Formal Portrait: Sherlock Holmes
641	9301780	Frontier
642	9301770	Prized Piece
643	9402540	Summer Little
644	9402550	White Cruising
645	9402560	Sugar Vacation
646	9402570	Seaside Luxury
647	9302310	Domus Aurea de Curcubeu Mare
648	9302320	All-Purpose Bandage
649	9302330	Gift from the Sun
650	9302340	Unifying the Nation by Force -2017 Summer Ver.-
651	9302380	Goddess's Winning Cup
652	9402580	Midsummer Moment
653	9402590	King, Joker, Jack
654	9402600	Chaldea Beach Volleyball
655	9402610	Dive to Blue
656	9302350	Mop of Selection
657	9302360	NYARF!
658	9302370	Kyogoku
659	9302390	Prisma☆Illya Oath Under The Snow
660	9402620	Battle Olympia
661	9402650	Divine Three-Legged Race
662	9402660	Cheer for Master
663	9402630	Food Colosseum
664	9402640	Muscle Cavalier
665	9402670	Replica; Agateram
666	9402680	At Wish's End
667	9402690	Comrades
668	9402700	Trace of a Dream
669	9302400	Nandi
670	9302440	Heroic Costume: Medusa
671	9302420	Heroic Costume: Leonardo da Vinci
672	9302410	Heroic Costume: Jeanne d'Arc
673	9302430	Heroic Costume: Nero Claudius
674	9402710	Divine Construct
675	9302460	Thoughts, through Three Incarnations
676	9302470	Nine Celestial Moons
677	9302490	Jumonji Spear
678	9302450	Dual Bamboo Hats
679	9302480	Danzo's Cow
680	9402720	Trick or Treatment
681	9402730	Phantom Night
682	9402740	From Wonderland
683	9402750	Aerial Drive
684	9402760	Golden Wings
685	9402770	Nostalgic Form
686	9302500	The Princess's Origami
687	9302510	Electrologica Diagram
688	9302520	Guardian Gigantic
689	9302530	Pray Upon the Sword, Wish Upon Life
690	9302580	FGO VR Mash Kyrielight
691	9402780	Soul Eater
692	9302550	Falcon Witch's Banquet
693	9302570	Universe Ring
694	9302560	Tribute for King Solomon
695	9302540	Silver Key Rosary
696	9402790	Starry Nights
697	9402800	Party Time
698	9402810	Snow Pirates
699	9402820	Merry Sheep
700	9302590	Flowers Blooming in the Underworld
701	9302600	A Rainbow Streaking Across the Night Sky
702	9302610	MOONLIGHT/LOSTROOM
703	9302620	Himuro no Tenchi - The Seven Strongest Greats Arc -
704	9402830	New Beginnings
705	9402840	Avalon Celebrates
706	9402850	Happiness Is Like a Warm Puppy
707	9302640	Irohanihoheto
708	9806180	CE EXP Card: Dogs in Space
709	9302650	Dragon Climbing Mt. Fuji
710	9302630	Manga Adaptation Project
711	9402860	An Oni in Human Clothing
712	9302660	Fate/EXTRA
713	9402870	Pharaoh Xocolatl
714	9402880	First Valentine's
715	9402890	Witches' Kitchen
716	9402900	Sweet Days
717	9302670	Uncertain Glass
718	9806190	Evil Doctrine
719	9806200	Lifeline
720	9806210	Swift Ride
721	9806220	Meteorite Iron Fan
722	9806230	Macaroni Gratin
723	9806240	Vice Commander-Produced Powdered Medicine
724	9806250	The Sun's Red Bean Soup with Mochi
725	9806260	A Sweet Tale
726	9806270	A Pot of Noble Chocolate
727	9806280	Spiky Chocolate Balls
728	9806290	Standing Boiled Eggs
729	9806300	Melty Heart
730	9806310	Special Sessyoin Bean Cake
731	9806320	P Pudding à la Mode
732	9806330	Sweet Devil Slots
733	9806340	Premium Snack
734	9806350	A Study in Scarlet
735	9806360	Pancakes, My Favorite
736	9806370	Too Beautiful Chocolate Emperor
737	9806380	Ishtar's Arc de Triomphe Rice Cakes
738	9806390	Heroic Spirit Chocolate Lollipops
739	9806400	Electric Steam Chocolates
740	9806410	Cool Chocolate Mint Bullets
741	9806420	Chocolate Burns, It Can't Be Helped
742	9806430	Quality Chocolate Tart
743	9806440	Chocolate
744	9806450	Buddhist Meal
745	9806460	Fuuma Manjyu, Revised
746	9806470	Western-Style Red Bean Soup
747	9806480	Sweet Chestnut Chocolate
748	9806490	Old Maple Bridge
749	9806500	Nandi Chocolate (1:1 Scale)
750	9806510	Got a Problem with Unoriginal Stuff?
751	9806520	Communicator
752	9806530	Seatbelt
753	9806540	Chocolate Key
754	9806550	Pink Piglet
755	9806560	Moderation, Lies, and Bittersweetness
756	9806570	Who Does the Lotus Flower Love?
757	9806580	White Cake for the Holy Night
758	9806590	Home Sweet Home in the Underworld
759	9806600	Chocolate Chocolate Octopus
760	9806610	Chocolates of Betrayal
761	9806620	Stranger Amande
762	9302680	Summer Rain
763	9302690	Pharaoh’s Great Winter Celebration
764	9402910	The Star of Camelot
765	9402920	The Dantès Files: Undercover in a Foreign Land
766	9402930	Gateau au Chocolat
767	9402940	Golden and Sun, the Gamblers
768	9402950	Chaldea Special Investigation Unit
769	9402960	Welcome, Our Customer
770	9402970	Musketeers
771	9402980	The Men After the Rain
772	9302750	Can Spring Be Far Behind?
773	9402990	Under the Sun
774	9403000	The Final Narrator
775	9403020	Light of Wisdom
776	9403030	Heretical Yaga
777	9403040	Combat
778	9403050	Linkage
779	9403060	Barrier
780	9403070	Awakening
781	9403080	Starvation
782	9403090	Mercy
783	9403100	Prosperity
784	9403110	Deception
785	9403120	Synchronization
786	9403130	Gloom
787	9302710	OTMA
788	9302720	Calydonian Hide
789	9302730	A Certain Truth and Death
790	9302740	Inferno Sword
791	9302700	Ivan the Terrible's Library
792	9403140	Distant Pilgrimage
793	9403150	Moment of Bliss
794	9403160	Away We Go!
795	9403180	An Afternoon at the Fortress
796	9403170	At Trifas
797	9806630	CE EXP Card: Fran's Flower
798	9302760	What Encapsulates the World
799	9302770	Teaching, Learning
800	9302780	A Nameless Death
801	9302790	Escape from the Baker Street
802	9302800	Fate/EXTELLA LINK
803	9403190	Imperial Capital Grail War
804	9403200	Sakamoto Detective Agency
805	9403210	Fang-Sharp Shadow Blade
806	9403220	The Sailor in White
807	9806640	CE EXP Card: GUDAGUDA Miss Majin
808	9806650	CE EXP Card: GUDAGUDA Tosa Alliance
809	9302810	At the End of Eternity
810	9302820	The Sky on that Day
811	9302830	Incident at the Mountain
812	9302840	Legend and Reality
813	9403230	Child of Atlas
814	9403240	Cleaner
815	9403250	Sakura's Special Bento
816	9403260	Girl Amidst the Flowers
817	9302850	True Wisdom of Ice
818	9302860	Divine Iron Shield
819	9302930	Travel Portrait: Archer of Inferno
820	9302940	Travel Portrait: Asterios
821	9302950	Travel Portrait: Atalante
822	9302960	Travel Portrait: Abigail Williams
823	9303020	Travel Portrait: Wolfgang Amadeus Mozart
824	9302970	Travel Portrait: Arjuna
825	9302980	Travel Portrait: Altera
826	9302990	Travel Portrait: Altria Pendragon
827	9303000	Travel Portrait: Altria Pendragon
828	9303010	Travel Portrait: Antonio Salieri
829	9303030	Travel Portrait: Ereshkigal
830	9303040	Travel Portrait: Caster of Okeanos
831	9303050	Travel Portrait: Osakabehime
832	9303060	Travel Portrait: Carmilla
833	9303070	Travel Portrait: Katsushika Hokusai
834	9303080	Travel Portrait: Karna
835	9303090	Travel Portrait: Kiyohime
836	9303100	Travel Portrait: Xuanzang Sanzang
837	9303110	Travel Portrait: Sasaki Kojirou
838	9303130	Travel Portrait: Charles-Henri Sanson
839	9303120	Travel Portrait: Sherlock Holmes
840	9303140	Travel Portrait: Assassin of Shinjuku
841	9303150	Travel Portrait: Miyamoto Musashi
842	9303160	Travel Portrait: Scáthach
843	9303170	Travel Portrait: Suzuka Gozen
844	9303180	Travel Portrait: David
845	9303190	Travel Portrait: Tamamo-no-Mae
846	9303200	Travel Portrait: Florence Nightingale
847	9303210	Travel Portrait: Mysterious Heroine X
848	9303220	Travel Portrait: Nezha
849	9303230	Travel Portrait: Nero Claudius
850	9303240	Travel Portrait: Brynhild
851	9303250	Travel Portrait: Paul Bunyan
852	9303260	Travel Portrait: Merlin
853	9303270	Travel Portrait: Mash Kyrielight
854	9303280	Travel Portrait: Martha
855	9303290	Travel Portrait: Minamoto-no-Raikou
856	9303300	Travel Portrait: Yagyu Tajima-no-kami Munenori
857	9303310	Travel Portrait: Leonardo da Vinci
858	9403270	A Tale of Love and Hope
859	9403280	Greatest Journey
860	9403290	Team Phoenix
861	9403300	Be Graceful
862	9302920	Love the Gods Left
863	9302870	Fate/Grand Order Arcade
864	9302910	Singularity F
865	9403310	Emerald Float
866	9403370	Hero on the Beach
867	9403320	Raging Wind
868	9403380	Sunset Jam
869	9403330	All-Night Fever
870	9403390	Writer's High
871	9403340	Painting Summer
872	9403350	Foxy Lady
873	9403360	Water Shine
874	9806710	The Melancholy of a Dramatic Demon
875	9806770	Little little bullet
876	9806730	Our Round Table
877	9806760	Curry × Rice
878	9806700	Martha's Built Upper
879	9806670	Giant Babbage
880	9806720	Mama's Ears
881	9806660	We Never Summon: Bokushou
882	9806690	Ms. Anastasia Loves Ramen Noodles
883	9806740	The Villainess Wants to Take Down the Wicked!
884	9806750	A Collection of Eiten-Style Teachings
885	9806680	The Magical Princess and the Monster of Krossvikki
886	9303320	Angels of the Ocean
887	9303330	Mt. Ooe Fireworks Show
888	9303340	Tengu Costume
889	9303350	The Fruits of Labor
890	9303360	Final Vacation
891	9303370	Summer Photo Album
892	9303380	Memories of Earth
893	9403400	Fate/Grand Order Memories I
894	9303390	Móralltach and Beagalltach
895	9302890	Destined To Clash
896	9403410	Gilgamesh in NY
897	9403420	Dazzling in a Skyscraper
898	9403430	Showtime
899	9403440	Grudge Match
900	9403450	C.K.T.
901	9806780	CE EXP Card: Moolah's Shop
902	9403460	Welcome to Oniland!
903	9403470	Simply Crimson
904	9403480	Ashigara Brothers
905	9403500	Three Anglers
906	9403490	Royal Icing
907	9403510	Frost Fighting Bear
908	9303400	Never To Be Forgotten
909	9303410	The Fate of the Magifender
910	9403520	Chaldea Teatime
911	9302880	The Dragon and the Dragon Swordsman
912	9403530	Duke of Flame
913	9403540	What Lies Beyond the Horizon
914	9403550	The Beauty at the Window
915	9403560	The Phoenix Alights
916	9303430	Blueprint of Kuaiji Zero
917	9303440	My Poisoned Chalice, My Mask
918	9303450	Ash Tree
919	9303420	Epang Palace Model
920	9303460	Half-Read Book
921	9303470	The Wonderful Fodder Bucket
922	9303510	Welcome to the Travelling Circus!
923	9403570	Schwipsig in the Snow
924	9403580	Ring the Bell
925	9403590	Burning Broadcast Seat
926	9403600	Holy Maiden's Teachings
927	9303490	The Lovely Princess's Ring
928	9303500	The Winged Serpent of the Holy Night
929	9303520	New Year's Greeting
930	9806790	CE EXP Card: Boar King
931	9403610	Mark on a Smiling Face
932	9403620	New Year's Mystique
933	9403630	A Modest Pig
934	9403640	Goddesses of the Glittering Snow
935	9303530	Reminiscence of Spring
936	9303480	Even Aged
937	9303540	Enuma Dingir
938	9303550	The Noble Sword and Shield
939	9303580	An Encounter in the Dark Night
940	9303590	Perfect Destruction
941	9303600	Contest of Speed
942	9401900	Paradox Ace Killer
943	9303560	Memory of Mother
944	9403650	Bitter and Sweet
945	9403660	Valkyrie Style
946	9403670	Memory of Qualia
947	9403680	Beautiful Dreamer
948	9303570	New Tale of Genji Scroll
949	9806800	Rainy Bridge
950	9806810	Viy (Autonomous)
951	9806820	Headlong Rush Boar Chocolates
952	9806830	Chocolate Mini Golems
953	9806840	Reading a Story to My Beloved Child
954	9806850	Pitch Black Conductor's Baton
955	9806860	Xanthos
956	9806870	Certificate of Level One Completion
957	9806880	Evil Dragon under the Pillow
958	9806890	Chocolate Oden
959	9806910	Cotton Scarf
960	9806900	Pocket Watch & Chocolate Frogs
961	9806920	Military Rations (Canned)
962	9806930	Glasses
963	9806950	Amethyst Candy
964	9806940	Ice Pops
965	9806960	White Dolphin Dream
966	9806970	Cotton Candy
967	9806980	Mt. Kurama Specialty: Yatsude Manjyu
968	9806990	Not a Heart Chocolate
969	9807000	Master in the Chocolate
970	9807010	Medb's Rich Cacao Chocolates
971	9807020	Nebula Sweets
972	9807030	Fruit of the Otherworld
973	9807040	Snow-Viewing White Chocolate
974	9807050	Magifender Girl Chocolate
975	9807060	Xiang Yu's Sword
976	9807070	Beauty-Concealing Mask
977	9807080	Panda
978	9807090	Elixir of Immortality
979	9807100	Chalcedony Chocolate
980	9807110	Modern Return Sweets
981	9807120	The Best Carrots
982	9807130	Hippo
983	9807140	Chocolate Ring Bell
984	9807150	Sweet-Tongued Sparrow's Wasanbon
985	9807160	Wooden Sword
986	9807170	Girl's Triple Cacao Set
987	9807180	Picture Scroll Chocolate
988	9403690	Bella Lisa
989	9303620	Hands Full Of...
990	9403700	The Dantès Files: The Case of the True Mastermind
991	9403710	Dance with the Round Table
992	9403720	Cunning Foresight
993	9403730	Glorious Cherry Blossoms
994	9403740	Teacher and Me
995	9403750	Trojan Bar
996	9403760	Under the Knife
997	9403770	Angel's Breath
998	9403780	Vampire Masquerade Ball
999	9403790	Princess's Pilgrimage
1000	9403800	Spring Beauty
1001	9403810	Firefighter's Spirit
1002	9403820	Crowning Beauty, Greater Glory
1003	9303610	Flower Arrows
1004	9303660	Escape from the Pyramid
1005	9403830	Whydunit
1006	9403840	Winter's Prayer
1007	9403850	El-Melloi's Classroom
1008	9403860	Meeting of the Heirs
1009	9303630	El-Melloi Teatime
1010	9303640	Scale of the Stars
1011	9303650	Grave Keeper's Treasure
1012	9403870	Personal Coaching
1013	9302900	The Singing Spear, the Shouting Spear
1014	9303670	Sexy Pinup
1015	9403880	Holy King of Twilight
1016	9403890	La Folia
1017	9403900	Day After
1018	9403910	Family Portrait
1019	9303680	Beyond the Gates of Gourmet
1020	9303690	The Will Shall Carry On
1021	9303700	The Legendary Shot
1022	9303710	What Was Carved
1023	9303720	What I Failed To Obtain
1024	9303730	Serpent-Entwined Rod
1025	9303740	Grace note
1026	9403920	Warlords' Rivalry
1027	9403930	God of War
1028	9403940	Oni Tea Ceremony
1029	9403950	Can't Fight on an Empty Stomach
1030	9807190	CE EXP Card: GUDAGUDA Demon King × 3
1031	9807200	CE EXP Card: Bishamonten Appears!
1032	9303750	Beyond Oblivion
1033	9303760	Last Will and Testament
1034	9303770	Touhachi Bishamonten
1035	9303790	Women of Agartha
1036	9303780	Seven Duels of Swordmasters
1037	9303800	Abyssal Cyber Paradise, SE.RA.PH
1038	9303890	Festival Portrait: Achilles
1039	9303900	Festival Portrait: Astraea
1040	9303910	Festival Portrait: Anastasia
1041	9303920	Festival Portrait: Abigail Williams
1042	9303930	Festival Portrait: Wolfgang Amadeus Mozart
1043	9303940	Festival Portrait: Arjuna
1044	9303950	Festival Portrait: Altria Pendragon
1045	9304190	Festival Portrait: Hans Christian Andersen
1046	9303960	Festival Portrait: Antonio Salieri
1047	9303980	Festival Portrait: Ibaraki-Douji
1048	9303990	Festival Portrait: Ereshkigal
1049	9304000	Festival Portrait: Helena Blavatsky
1050	9304010	Festival Portrait: Yan Qing
1051	9304020	Festival Portrait: Okada Izo
1052	9304030	Festival Portrait: Osakabehime
1053	9304040	Festival Portrait: Katsushika Hokusai
1054	9304060	Festival Portrait: Yu Mei-ren
1055	9304070	Festival Portrait: Quetzalcoatl
1056	9304080	Festival Portrait: Sakamoto Ryouma
1057	9304090	Festival Portrait: Charles-Henri Sanson
1058	9304100	Festival Portrait: Qin Shi Huang
1059	9304110	Festival Portrait: Sitonai
1060	9304120	Festival Portrait: Jeanne d'Arc
1061	9304130	Festival Portrait: Shuten-Douji
1062	9304140	Festival Portrait: Scáthach-Skadi
1063	9304050	Festival Portrait: Sessyoin Kiara
1064	9304150	Festival Portrait: Diarmuid Ua Duibhne
1065	9304160	Festival Portrait: Tomoe Gozen
1066	9304200	Festival Portrait: Mysterious Heroine XX
1067	9304170	Festival Portrait: Pārvatī
1068	9304210	Festival Portrait: Bradamante
1069	9304220	Festival Portrait: Bedivere
1070	9304180	Festival Portrait: Paul Bunyan
1071	9304230	Festival Portrait: Marie Antoinette
1072	9304240	Festival Portrait: Martha
1073	9304250	Festival Portrait: Mordred
1074	9304260	Festival Portrait: Prince of Lan Ling
1075	9304270	Festival Portrait: Leonardo da Vinci
1076	9304280	Festival Portrait: Robin Hood
1077	9403960	A Walk in the Park
1078	9403970	Morning Glory
1079	9403980	Sunday Dinner
1080	9403990	Great Detective Foumes
1081	9303880	Beautiful Journey
1082	9303810	At the End of the Dream
1083	9303820	Consider Carefully
1084	9303830	Ring of Transformation
1085	9303840	Pirate's Rule
1086	9303850	Viewing Spring
1087	9303860	Angel of Assassination
1088	9303870	Jokanaan's Head
1089	9404000	Welcome Bunny
1090	9404010	Purple Eyes
1091	9404020	Summer Enma-tei
1092	9404030	Poolside Bar
1093	9404040	Ladies & Gentlemen
1094	9404050	Counting Sheep
1095	9404060	Demonic Sun-Princess
1096	9404070	Midsummer Memories
1097	9304300	The Summer I Will Never Forget
1098	9304340	At Sunset, After the Battle
1099	9304350	Iron Maiden (Summer)
1100	9304360	A Wonder Tale: The Moonbow
1101	9304310	Golden Round Table Roulette
1102	9304330	Solo Stage
1103	9304320	Beyond the Azure
1104	9304290	Fate/Grand Order Memories II
1105	9304370	Heretical Salem
1106	9404080	Round and Round
1107	9404090	Fly Off
1108	9404100	From Uruk
1109	9404110	Jewel Bride
1110	9404120	Scenic Beauty
1111	9304380	Absolute Demonic Front: Babylonia
1112	9404130	Princess of Red Bean Paste
1113	9404140	Planet Rock
1114	9404150	Cultural and Martial Arts (Simultaneously)
1115	9404160	Binary Star Songstresses
1116	9404170	Bestia del Sol
1117	9807210	CE EXP Card: First Curry
1118	9807220	CE EXP Card: Mysterious Substance γ
1119	9304390	To the Galaxy of Reunion
1120	9304400	The Shooting Star Cheerleader
1121	9404180	Chaldea Dinnertime
1122	9304410	Then the Sacred Sword Shines
1123	9404190	Maidens' Luncheon
1124	9404200	Deliverers of Sentiment
1125	9404210	With My Family
1126	9404220	Traces of Christmases Past
1127	9304420	Leaving the Sword Behind for a Little While
1128	9304430	Merry Christmas
1129	9404230	One Who Wishes for Salvation
1130	9404240	The Beginning of Ambition
1131	9404250	Noble Piece
1132	9404260	Argonauts
1133	9304470	Hunter of the Stars
1134	9304490	The Sword Broken at Battle's End
1135	9304480	White Bull
1136	9304440	Capsule Servant
1137	9304450	Fate/stay night 「Réalta Nua」
1138	9304460	Fate/stay night -Tracing 15 Years-
1139	9304510	Chaldea Park Caravan
1140	9404270	See Emptiness as the Path
1141	9404280	Clear Dawn
1142	9404290	We Are Friends
1143	9404300	Dancing Tops
1144	9807230	CE EXP Card: Cornered Mice
1145	9304500	Purple Jade Flute
1146	9304530	Stargazers
1147	9404310	Therapeutic Spa
1148	9304540	Shinjuku Phantom Incident
1149	9404360	Gran Cavallo
1150	9404320	Chocolate Heaven
1151	9404330	Queen's Dream
1152	9404340	Midnight Fever
1153	9404350	Knitting Love
1154	9304520	Chaldea Soushi
1155	9807250	Grand Chocolate
1156	9807260	Chocolate Filled with \"Love\" (LOL)
1157	9807270	Chocolate Mercury
1158	9807280	Wine with Starry Chocolates
1159	9807290	Fudge
1160	9807300	Premium Chocolate Cake
1161	9807320	Lump of Fortune
1162	9807350	Beginner's Hunting Set
1163	9807310	An Ordinary Miraculous Stone
1164	9807330	Late Night Conversation
1165	9807340	Medicinal Chocolate
1166	9807360	Dried Persimmons
1167	9807370	Fool's Gourd
1168	9807390	A Bowl of Tea
1169	9807380	Bishamonten Chocolate
1170	9807470	Chaldea New Order
1171	9807400	Miniature Argo
1172	9807410	Apollo Doll
1173	9807420	Chocolate Cupcakes
1174	9807430	Mekakure Wig
1175	9807440	Xia Dynasty's All-Purpose Fountain Pen and Wooden Tablets
1176	9807450	A Gift for You, My Beloved
1177	9807460	For You, From Salome
1178	9807480	Mystic Sword Counter Parfait
1179	9807520	Japanese Style Chocolate + Letter
1180	9807530	Chocolate To Steal the Greatest Treasure
1181	9807540	Chocolate Chocolate Octopus Netsuke
1182	9807490	Chocolate Cake, White Bunny
1183	9807510	Bluebird Iced Jelly
1184	9807500	Jet Chocolate Youkan
1185	9807550	Space Diorama Chocolate
1186	9807560	SCB (Space Chocolate Bar)
1187	9807570	Bunny Ears!
1188	9807580	Chewy Kagami Mochi Chocolate
1189	9807590	Chocolate-Flavored Ampoule
1190	9807600	Tri-Star Belt (Handmade)
1191	9807620	Durendal Replica
1192	9807610	Handmade Brownies and Warm Milk
1193	9807630	Huaqing Palace Hot Springs Manjyu
1194	9807640	Delightful Confectionary
1195	9807240	Tropical Memoria
1196	9404370	Royals Traveling Incognito
1197	9404380	Blue Illusion
1198	9404390	Exclusive Tailor
1199	9404400	The Dantès Files: A New Chapter
1200	9404410	High and Mighty Student Council President
1201	9404420	Sengoku Freestyle
1202	9404430	God's Deal
1203	9404440	Daddy's Letter Show
1204	9404450	Buzzer-Beater
1205	9304560	The Emblem of Adventure
1206	9304550	Elegant Heavens, Generous Earth
1207	9404460	Witchcraft
1208	9404470	Rhythmed Birth
1209	9404480	The Golden Tree's Lineage
1210	9404490	Together Tomorrow
1211	9304570	Shining Sword and Disc of the Stars
1212	9304580	Sea God's Trident
1213	9304590	To the Skies
1214	9404540	Free Seating
1215	9404500	Mission Start
1216	9404510	Tournament Star
1217	9404520	Mixed Juice
1218	9404530	Looking up at the Starry Sky
1219	9304640	Titan IIIE Rocket
1220	9304660	Sound of the Court's Koto
1221	9304650	Caudron Simoun
1222	9304760	Sightseeing Portrait: Atalante
1223	9304770	Sightseeing Portrait: Anastasia
1224	9304780	Sightseeing Portrait: Abigail Williams
1225	9304790	Sightseeing Portrait: Amakusa Shirou
1226	9304800	Sightseeing Portrait: Altria Pendragon
1227	9304810	Sightseeing Portrait: Ishtar
1228	9304820	Sightseeing Portrait: Ushiwakamaru & Musashibou Benkei
1229	9304830	Sightseeing Portrait: Ereshkigal
1230	9304840	Sightseeing Portrait: Yan Qing
1231	9304850	Sightseeing Portrait: Okada Izo
1232	9304860	Sightseeing Portrait: Osakabehime
1233	9304870	Sightseeing Portrait: Katsushika Hokusai
1234	9304880	Sightseeing Portrait: Katou \"Black Kite\" Danzo
1235	9304890	Sightseeing Portrait: Karna & Arjuna
1236	9304900	Sightseeing Portrait: Kiyohime
1237	9304910	Sightseeing Portrait: Kingprotea
1238	9304920	Sightseeing Portrait: Cú Chulainn
1239	9304930	Sightseeing Portrait: Yu Mei-ren
1240	9304940	Sightseeing Portrait: Georgios
1241	9304950	Sightseeing Portrait:  Xuanzang Sanzang
1242	9304960	Sightseeing Portrait: Sasaki Kojirou
1243	9304970	Sightseeing Portrait: Sigurd & Brynhild
1244	9304980	Sightseeing Portrait: Sherlock Holmes
1245	9304990	Sightseeing Portrait: Jaguar Warrior
1246	9305000	Sightseeing Portrait: Jack the Ripper
1247	9305010	Sightseeing Portrait: Shuten-Douji
1248	9305020	Sightseeing Portrait: Scáthach-Skadi
1249	9305030	Sightseeing Portrait: Suzuka Gozen
1250	9305040	Sightseeing Portrait: Sei Shounagon
1251	9305050	Sightseeing Portrait: Mysterious Heroine X
1252	9305060	Sightseeing Portrait: Nitocris
1253	9305070	Sightseeing Portrait: Fuuma \"Evil-wind\" Kotarou
1254	9305080	Sightseeing Portrait: Frankenstein
1255	9305090	Sightseeing Portrait: Bedivere
1256	9305100	Sightseeing Portrait: Beni-Enma
1257	9305110	Sightseeing Portrait: Heracles
1258	9305120	Sightseeing Portrait: Paul Bunyan
1259	9305130	Sightseeing Portrait: Merlin
1260	9305140	Sightseeing Portrait: Mash Kyrielight
1261	9305150	Sightseeing Portrait: Marie Antoinette
1262	9305160	Sightseeing Portrait: Martha
1263	9305170	Sightseeing Portrait: Miyamoto Musashi
1264	9305180	Sightseeing Portrait: Murasaki Shikibu
1265	9305190	Sightseeing Portrait: Medusa
1266	9305200	Sightseeing Portrait: Mori Nagayoshi
1267	9305210	Sightseeing Portrait: Yagyu Tajima-no-kami Munenori
1268	9305220	Sightseeing Portrait: Prince of Lan Ling
1269	9305230	Sightseeing Portrait: Leonardo da Vinci
1270	9404600	Celebrate Memories
1271	9404610	Brainstorming
1272	9404620	Filler Flowers
1273	9404630	Idol Maker
1274	9304750	The Promised Time
1275	9305240	Waltz in the MOONLIGHT
1276	9304600	Shadow of Vanity
1277	9304610	The Dreaming Path
1278	9304620	Seed of Thorns
1279	9304630	Held up to the Heavens
1280	9404550	Honey Lake
1281	9404560	Happy☆Drive
1282	9404570	Horror Concierge
1283	9404580	Hide Hunter
1284	9404590	Chainsaw of the Dead
1285	9404640	Innocent Blue
1286	9404650	Climbing Battle
1287	9404660	BFF BBQ
1288	9304670	Castle in her Palms
1289	9304680	Splatter☆Rainbow!
1290	9304700	Summer Gift
1291	9304690	Summer Snuggle
1292	9304710	Inflatable Scimitar
1293	9304720	Chaldea VR (Controllers Included)
1294	9304730	Chaldea Summer Reading List
1295	9404670	Crimson Teacher's Pointer
1296	9404680	Hell's Kitchen
1297	9404690	Class Under the Blue Sky
1298	9404700	Our Hearts Raised Up High
1299	9404710	Sparks of the Makoto
1300	9404720	A Sunny Day
1301	9404730	Golden Field
1302	9404740	The Queen Priestess's Spare Moment
1303	9305250	My Favorite
1304	9305260	Record of Dreams
1305	9305270	Left by the Demon King
1306	9807650	CE EXP Card: Welcome to Yamataikoku!
1307	9807660	CE EXP Card: The Fierce and the Invincible
1308	9404790	Mystery Treasure
1309	9404800	Greatest Ocean
1310	9404810	Color Me True
1311	9404820	Like a Bird
1312	9305310	At the Mysterious Wandering Island
1313	9305320	Self Portrait, In Chaldea
1314	9404870	Take Romance
1315	9404750	Love's Curse
1316	9404760	Royal Presence
1317	9404770	God's Tongue
1318	9404780	And Then, at Mt. Ooe
1319	9305290	Vindication
1320	9305300	Tale of End and Beginning
1321	9305380	A Leisurely Walk
1322	9305360	Prayer to the Night Sky
1323	9305370	A Moment of Amusement
1324	9305350	A Light Lunch
1325	9305390	Moonlight Ball
1326	9305280	Sword of Gods
1327	9404830	Twinkling Stars
1328	9404840	Red Box
1329	9404850	Freeze Frame
1330	9404860	Cherry Icicle
1331	9305330	The Law of Obstruction
1332	9305340	Christmas Belt
1333	9404880	Playing the Spring Strings
1334	9404890	Fortune Comes to Those in a Kotatsu
1335	9404900	The Valiant
1336	9305400	Delightful Kemari
1337	9807670	CE EXP Card: Rodeo
1338	9305430	What Continues On
1339	9305420	A Perfect New Year
1340	9305460	Winter Caravan Online
1341	9404910	Thumbelina
1342	9404920	Zen Diorama
1343	9404930	Taking a Seat
1344	9404940	Sewing a Beloved Doll
1345	9305440	Azamaru
1346	9305450	Kiichi's Takageta
1347	9305470	Fate/Grand Order Memories III
1348	9404950	Heart of Cooking
1349	9404960	Bitter Jewel
1350	9404970	Dear Friend
1351	9404980	White Garden
1352	9305480	Singing in Spring
1353	9807730	Adventurers' View
1354	9807690	Gemini Sweets
1355	9807700	St. Elmo's Fire
1356	9807720	Slightly Burnt Croissant
1357	9807710	Magnus Lupus
1358	9807740	Chaldea Portrait
1359	9807760	Jurassic Chocolate
1360	9807750	Ordinary Friendship Chocolate
1361	9807770	First Valentine
1362	9807790	Summer Mirage Set
1363	9807810	Rainbow☆Spread!
1364	9807840	Valkyrie Wedding
1365	9807820	Relationship Update Chocolate
1366	9807780	Starry Night
1367	9807800	Nutritional Brand Jelly
1368	9807830	Library Ice Cream
1369	9807850	Shining Himi-Choco
1370	9807860	Late Night Bowl
1371	9807870	Wood-Carved Shrike
1372	9807880	Van Gogh's Chocolate Marinade (Attempted)
1373	9807890	Memories
1374	9807910	Douman's Talisman
1375	9807920	Oni Chocolate Set
1376	9807900	Devil's Food Cake
1377	9807930	Finest Delicacies (Sealed)
1378	9807940	Champion's Trophy
1379	9807950	Artisinal Mochi
1380	9807960	Genpei Senbei
1381	9807970	A Surprise Inside! Tengu Chocolate
1382	9807980	Heavenly Heart
1383	9807680	Chaldea Spring Holiday
1384	9405120	Beyond the Rain Clouds
1385	9404990	Flowers and Café
1386	9405000	Club Argonauts
1387	9405010	The Dantès Files: A Nightmare Returns
1388	9405020	Round Table on Ice
1389	9405030	Demonic Parade
1390	9405040	Chaldea Eleven
1391	9405050	Supreme Place of Learning
1392	9405060	Splat Gun
1393	9405070	∞ Dream
1394	9405080	City of Dreams
1395	9405090	Junk Shop
1396	9405100	Hào Chī?
1397	9405110	No Strings
1398	9305490	Memories of Cyprus
1399	9405130	Flower Sunshine
1400	9405140	Chaldea Stars
1401	9405150	Camelot Lesson
1402	9405160	Blooming in the Crimson Sky
1403	9305540	Hope, With You
1404	9305550	Demo Tape: Your Galaxy
1405	9305500	Hand in Hand
1406	9305510	Make a Toast
1407	9305520	Celebration Bouquet
1408	9305530	Appreciation
1409	9305560	Fate/Grand Carnival 1st Season
1410	9405170	To the Beyond, Bereft the Snowy Blossom
1411	9405180	The One Who Withstood Pain
1412	9405190	Gemstone Shots
1413	9405200	Imaginary Number Attribute
1414	9405210	The Vessel of Desire
1415	9405220	The Have-Not
1416	9305570	At World's End
1417	9305600	Make War upon Their Stomachs
1418	9305610	Inept Joy
1419	9305580	Aurora
1420	9305590	Sacred Lance Longinus
1421	9305730	Touring Portrait: Aśvatthāman
1422	9305750	Touring Portrait: Astolfo
1423	9305820	Touring Portrait: Ushiwakamaru
1424	9305910	Touring Portrait: Saito Hajime
1425	9305960	Touring Portrait: Dioscuri
1426	9306020	Touring Portrait: Voyager
1427	9305720	Touring Portrait: Ashiya Douman
1428	9305760	Touring Portrait: Abigail Williams
1429	9305900	Touring Portrait: Van Gogh
1430	9305850	Touring Portrait: Oda Nobukatsu
1431	9305860	Touring Portrait: Kama
1432	9305980	Touring Portrait: Nitocris
1433	9305800	Touring Portrait: Jason
1434	9305810	Touring Portrait: Ishtar
1435	9305840	Touring Portrait: Helena Blavatsky
1436	9305920	Touring Portrait: Jaguar Warrior
1437	9305970	Touring Portrait: Mysterious Idol X
1438	9306040	Touring Portrait: Mysterious Alter Ego Λ
1439	9305630	Final Singularity: The Grand Temple of Time, Solomon
1440	9305870	Touring Portrait: Carmilla
1441	9306050	Touring Portrait: James Moriarty
1442	9305930	Touring Portrait: Queen Medb
1443	9306010	Touring Portrait: Beni-Enma
1444	9306030	Touring Portrait: Miss Crane
1445	9306060	Touring Portrait: Yang Guifei
1446	9305740	Touring Portrait: Asclepius
1447	9305770	Touring Portrait: Wolfgang Amadeus Mozart
1448	9305780	Touring Portrait: Altria Caster
1449	9305790	Touring Portrait: Altria Pendragon
1450	9305830	Touring Portrait: Vritra
1451	9305940	Touring Portrait: Scáthach-Skadi
1452	9305990	Touring Portrait: Bartholomew Roberts
1453	9306000	Touring Portrait: Himiko
1454	9306070	Touring Portrait: Watanabe-no-Tsuna
1455	9305880	Touring Portrait: Gareth
1456	9305890	Touring Portrait: Xuanzang Sanzang
1457	9305950	Touring Portrait: Senji Muramasa
1458	9405320	Great Marshal of Magic
1459	9405330	Summer Anniversary
1460	9405340	Reading Holiday
1461	9405350	Gof Special
1462	9305710	Koyanskaya's Ambition -East Coast Edition-
1463	9405230	Gloucester in 2018
1464	9305620	The Promise After 2,400 Years
1465	9306170	Pavane Pour Une Infante Défunte
1466	9306090	Lightbearer Girl
1467	9405490	Into the Enchanting Pall
1468	9405240	Angel Heart
1469	9405250	Pink Beach
1470	9405260	Pirates of the Jungle
1471	9405270	Treasure of the Caribbean
1472	9405280	Golden Trails
1473	9405290	On the Colorful Seaside Corner
1474	9405300	Ocean Flier
1475	9405310	Sink Deeper
1476	9305640	In a Corner of the Endless Sky
1477	9305650	Summer, Ice Cream, and Viy
1478	9305670	Illusion For You
1479	9305700	Summer Adventure Memories
1480	9305690	Summer Depravity Set
1481	9305660	Sea Serpent
1482	9305680	Still Chic in 2021
1483	9306210	Clashing Fête under the Moon
1484	9306080	Fate/Grand Carnival 2nd Season
1485	9405500	Winter Crystal
1486	9405510	Princess Fair as Snow
1487	9405520	Rondo for a Kitten
1488	9405530	Protagonista
1489	9405540	Opulent Jade Mane
1490	9405550	Little Tailors
1491	9405560	Bare Kings
1492	9306180	Amulet from the Depths of the Dark Forest
1493	9306190	Golden Shackles
1494	9306200	Glass Slippers that Never Rest
1495	9405570	Adversity Ablaze
1496	9405580	Love, Anarchy
1497	9405590	Nothing Can Escape These Eyes
1498	9405600	Dancing Like a Flower
1499	9807990	CE EXP Card: Okuni Troupe's Performance in Chaldea
1500	9808000	CE EXP Card: Mysterious Ranmaru X Lands!
1501	9306230	God's Remains
1502	9306240	May the Stars Align
1503	9306220	An Incident at Sea
1504	9405630	Seeking the End of Permanence
1505	9405640	Holy Heart
1506	9405650	A Thousand Nights
1507	9405660	Wish Come True
1508	9405670	Like a Lady
1509	9306250	I Look Up at the Sky...
1510	9306280	Chaldea Satellite Station
1511	9405680	Holy Maiden of Winter
1512	9405690	Guardians of the Garden
1513	9405700	Homurabara Academy Student Council President
1514	9405710	Empty Garden
1515	9405720	Darkest before the Dawn
1516	9405730	Slumbering City
1517	9306260	Dǎ Shén Biān
1518	9306270	Zmei Gorynych
1519	9405740	First Drawing
1520	9405750	A Thoughtful Meal
1521	9405760	Maximum Overdrive
1522	9808010	CE EXP Card: Life of Olga
1523	9306310	Koyanskaya's Ambition -Eurasian Edition-
1524	9306290	Little Lion's Dance
1525	9306300	Let's Visit the Shrine for the Year
1526	9306320	What She's Held in Trust
1527	9405950	Inexhaustible Mound of Dust
1528	9405770	Valentine Witches
1529	9405780	Melty Love
1530	9405790	Hot Xocolatl
1531	9405800	Thank You For Your Hard Work!
1532	9306330	Aonbharr
1533	9808030	Title: Self Portrait in Chocolate (Ver. 2)
1534	9808040	Crane, Chocolat, and Warmth
1535	9808050	Galaxy for Two
1536	9808060	Camelot Story
1537	9808070	Bite-Sized Chocolate Mountain
1538	9808080	Dancing Red Pile
1539	9808090	Oh-So-Strong Dragon Heart
1540	9808100	Beautiful, Fragile Flower
1541	9808110	Pink Pistol Chocolate
1542	9808120	Habbyhat
1543	9808130	Void's Dust
1544	9808140	Buddy-Buddy Rengoku Chocolate
1545	9808150	Ultra Solid Ice Chocolate
1546	9808170	White Dove
1547	9808190	Chaldea Summer Order
1548	9808200	Dreaded Demon Lord Chocolate
1549	9808160	Fresh Fish Set
1550	9808180	Honey Willow Toast
1551	9808210	Romance of the Knights Templar
1552	9808220	Chocolate Dates
1553	9808230	Halloween Party Night!
1554	9808250	Izumo Pipe Chocolate
1555	9808260	Mysterious Ranmaru Chocolate X
1556	9808240	White Oath
1557	9808270	Stollen!
1558	9808280	The Perfect Fishing Spot
1559	9808290	Damascus Steel Dagger
1560	9808300	NFF Extra
1561	9808310	Chocolate King Sculpture
1562	9808320	Bazenan-Style Valentine Sweets
1563	9808020	Chaldea Petit Ange
1564	9405960	Maledict Bone Mountain
1565	9406010	Story of a Wolf
1566	9405810	A Night's Dream
1567	9405820	Water Gun Battle
1568	9405830	The Dantès Files: The Final Case
1569	9405840	Buddy Cops
1570	9405850	Encounter under the Moon
1571	9405860	Chaldea Express
1572	9405870	Ultimate Harmony
1573	9405880	Chaldea Delinquents
1574	9405890	Power Shot
1575	9406020	Phantasmal Princess
1576	9406030	Flowery Paradise
1577	9406040	The Illusory Confessional
1578	9405900	Galaxy Keraunos
1579	9405910	Doc Kykeon
1580	9405920	Secret Company, Assassin
1581	9405930	Check, Ready
1582	9405940	Cosmo Chaldea Academy
1583	9406090	Titanic Fang Totem
1584	9405970	Goddess of the Underworld
1585	9405980	Waiting for an Opportunity
1586	9405990	Touring the Land
1587	9406000	Star's Day Off
1588	9306340	Young Elephants
1589	9306350	Awakening
1590	9406100	Seal of Heroism
1591	9406110	Eightfold Clay Geode
1592	9306390	Even More Learning with Manga! FGO
1593	9406060	Adventure in the Kids' Kingdom
1594	9406070	Jurassic Dream
1595	9406080	Pleasure Hunt
1596	9406050	First Day of Filming
1597	9808330	CE EXP Card: Super Bunyan Appears
1598	9808340	CE EXP Card: Daikokuten & Anning Appear
1599	9306360	The Great Mystique
1600	9306370	When They Were Animals
1601	9306380	Hometown
1602	9306400	When All Is Ashes
1603	9406120	Seashells by the Seashore
1604	9406130	Blessed Plumage
1605	9406200	Standing beneath the Azure Sky
1606	9406140	Average One
1607	9406150	Trigger Off
1608	9406160	Inheritance of a Long-Cherished Dream
1609	9406170	Transmutation Magecraft
1610	9406180	Unwithering Flower
1611	9406190	With Lighted Prayer in Our Hearts
1612	9306410	Sword of Kings and Heroes
1613	9306430	In the Buff
1614	9306450	What Never Truly Mattered
1615	9306420	Malignant Logic
1616	9306440	The Pretty Princess and the Faithful Knight
1617	9306460	Yellow Turban
1618	9406250	Forbidden Grimoire
1619	9406260	Perpetual Motion Machine
1620	9406210	Thirty-Six Other Views of Mt. Fuji
1621	9406220	Warrior's Watchtower
1622	9406230	Valiant Warriors on the Plains
1623	9406240	Heartbreaker
1624	9306470	Nansou Satomi Eight Dog Chronicles
1625	9306480	Ship-Killer
1626	9306580	Dream Portrait: Red Hare
1627	9306590	Dream Portrait: Percival
1628	9306600	Dream Portrait: Charlotte Corday
1629	9306610	Dream Portrait: Mandricardo
1630	9306620	Dream Portrait: Mélusine
1631	9306630	Dream Portrait: James Moriarty
1632	9306640	Dream Portrait: Arjuna
1633	9306650	Dream Portrait: Barghest
1634	9306660	Dream Portrait: Leonardo da Vinci
1635	9306670	Dream Portrait: Baobhan Sith
1636	9306680	Dream Portrait: Anastasia & Viy
1637	9306690	Dream Portrait: Dobrynya Nikitich
1638	9306700	Dream Portrait: Kriemhild
1639	9306710	Dream Portrait: Taigong Wang
1640	9306720	Dream Portrait: Kyokutei Bakin
1641	9306730	Dream Portrait: Kama
1642	9306740	Dream Portrait: Mysterious Ranmaru X
1643	9306750	Dream Portrait: Demon King Nobunaga
1644	9306760	Dream Portrait: Cú Chulainn
1645	9306770	Dream Portrait: Mash Kyrielight
1646	9306780	Dream Portrait: Hijikata Toshizo
1647	9306790	Dream Portrait: Altria Pendragon
1648	9306800	Dream Portrait: Super Bunyan
1649	9306810	Dream Portrait: Jacques de Molay
1650	9306820	Dream Portrait: Zenobia
1651	9306830	Dream Portrait: Christopher Columbus
1652	9306840	Dream Portrait: Katsushika Hokusai
1653	9306850	Dream Portrait: Sima Yi
1654	9306860	Dream Portrait: Billy the Kid
1655	9306870	Dream Portrait: Miyamoto Musashi
1656	9306880	Dream Portrait: Arash
1657	9306890	Dream Portrait: Merlin
1658	9306900	Dream Portrait: Saito Hajime
1659	9306910	Dream Portrait: Space Ishtar
1660	9306920	Dream Portrait: Okada Izo
1661	9306930	Dream Portrait: Siegfried
1662	9306940	Dream Portrait: Okita Souji
1663	9306950	Dream Portrait: Mochizuki Chiyome
1664	9406270	Crucible of Bloody Tears
1665	9406280	Scarlet Marrow Workshop
1666	9406390	A'
1667	9406400	Inspire
1668	9406410	Retravel
1669	9406420	King of the Seraph
1670	9406430	Hunter's Dream
1671	9306960	Moon Marguerite
1672	9306970	No Time To Die
1673	9406290	Twin Tails
1674	9406300	Cruising Date
1675	9406310	Jiāngshī Attack
1676	9406320	Infinity Blue
1677	9406330	Budding Angler
1678	9406340	Hello, Arctic!
1679	9406360	Ice Warrior
1680	9406350	Fist of Hail
1681	9306490	The Color White I Saw That Summer
1682	9306500	Red Sword
1683	9306530	Summer Power Pom-Poms
1684	9306540	Erize Land Official Plushies
1685	9306510	Enchromia's Silent Tears
1686	9306520	The Taoist Emperess's Summer Holiday
1687	9306550	Final Weapon
1688	9306560	SAM66
1689	9306570	Valkyrie Rations
1690	9307010	TYPE LUMINA
1691	9406510	Inverted Rain of Mud
1692	9406520	Full Mastership
1693	9406500	Before Dawn
1694	9406480	King of Fools' Shackles
1695	9406490	Wailing Woods
1696	9406440	Vengeance from the Underworld
1697	9406450	Cruel and Unusual
1698	9406460	Fruit of the Earth
1699	9406470	Hospitality for the Journey
1700	9808350	CE EXP Card: Cha-no-yu Teacher
1701	9808360	CE EXP Card: Iyo the Second Queen!
1702	9306980	Like Water, Like Flowers
1703	9306990	Onward
1704	9307000	Dark Magatama
1705	9406590	Seedbed of Yggdrasil
1706	9406600	Vault of Toxins
1707	9406530	Idle Chatter
1708	9406540	Celestial Maidens by the Lake
1709	9406550	Swords into Plowshares
1710	9406560	Dancing on Lotus Blossoms
1711	9406570	Tiger-Hunting Pilgrims
1712	9406580	Overflowing Indulgence
1713	9307020	Luotian Grand Ceremony
1714	9307030	Divine Golden-Eyed Warbler
1715	9307040	Shi Jin the Nine-Section Staff
1716	9406610	Raging Dragon's Lair
1717	9406620	Great Sword of Distinction
1718	9406630	Apex
1719	9406640	Road to Stardom
1720	9406650	Muscle Bullet
1721	9406660	Count and Stretch
1722	9406670	Commentator of Flowers
1723	9307050	Crimson Dress
1724	9406730	Idol of the Foreign God
1725	9406720	Celestial Brand
1726	9406740	Dream Closet
1727	9307120	Pure-Hearted Shield
1728	9307130	Eternal Spirit of Vengeance
1729	9307140	Flawless Charismatic Warrior
1730	9307100	Bouquet of Dazzling Roses
1731	9307110	Fragment of the Moon
1732	9307150	Winter Party
1733	9406760	Treasury of the Guardian Serpent
1734	9406750	Gunpowder Cache
1735	9406770	Precious Blossoms of Snow
1736	9406780	First Sale
1737	9406790	Curse of the Bunnyfolk
1738	9307160	Love It
1739	9808370	CE EXP Card: The Bunny Only I Can See
1740	9307180	Undefeatable
1741	9307170	At Least Take the New Year Off
1742	9307070	Ammit
1743	9406810	Spectral Manor
1744	9406680	Forest of Eclosion
1745	9406690	Clergyman's Dinner
1746	9406700	Ele-Gandr
1747	9406710	I Only Believe In My God
1748	9406800	That Faraway Night
1749	9307060	A Warrior's Mask
1750	9307090	Aztlán, My Home
1751	9307080	My First Gift
1752	9406820	Winds of Spring
1753	9406830	Love's Delusion
1754	9406840	Sleeping Elisa
1755	9406850	The Cutie Who Sits Behind Me
1756	9307190	My Record, My Feelings
1757	9808380	Lotus Seed Chè & Chocolates Meant To Go Ungiven
1758	9808390	Sunbathing Together
1759	9808400	Super Bunyan Meal
1760	9808410	Gift from Daikokuten (Stomach Medicine)
1761	9808420	Handmade Ichthyo-Chocolate
1762	9808430	Emperor's Surcoat+
1763	9808450	It Was Just a Moment
1764	9808480	As a Knight
1765	9808440	Heartfelt Chocolate (Lecture Included)
1766	9808460	Your Scholarly Diploma
1767	9808470	Windmill Chocolate and Addendums to \"Don Quixote\"
1768	9808490	Dandy Crimson (?) Necktie
1769	9808500	Mizu Manjyu of Eight Virtues
1770	9808510	Mini Tametomo with Smartphone Capability
1771	9808520	Half-Moon: EARTH
1772	9808530	Collaboration in Progress!
1773	9808560	Sweet Bouquet Avalon
1774	9808600	Frozen Sports Drinks
1775	9808550	Junmai Daiginjou Ibuki
1776	9808620	Planetary Donuts
1777	9808540	Blue Luluhawaii Flavored Shaved Ice
1778	9808610	Anti-Jiāngshī Chocolate Mochi
1779	9808580	Chocolate Bullets
1780	9808590	Chocolate Pineapples
1781	9808570	Chocolate Missile
1782	9808630	A Blooming Wildflower
1783	9808650	Brush and Inkstone
1784	9808640	Chocolate Acorns
1785	9808660	Chocolates and ASMR
1786	9808680	Huang Family Cloak
1787	9808670	Crayon Chocolates and Drawing
1788	9808690	Chocolate Faerie Britain
1789	9808700	The Starting Hour
1790	9808710	What's This?
1791	9808740	A Cup of Paradise
1792	9808730	Hummingbirds To Open a Secret Room
1793	9808720	Orbit Radiant Thing
1794	9808750	Shining Johanna Chocolate
1795	9808760	Chaldea Petit Four
1796	9406950	Homunculus Cradle
1797	9406960	Man of Chaldea
1798	9406860	Three in the Black
1799	9406870	Rome, Eternal
1800	9406880	Proof and Rebuttal
1801	9406890	The Professors' Lunchtime
1802	9406900	Brilliant Spring Sunshine
1803	9406910	For Your Letters
1804	9406920	All the Way Burn
1805	9406930	An Evening of Endless Conversation
1806	9406940	Light Inside Night's Curtain
1807	9307200	After a Morning Nap
1808	9307290	Bloom in Spring
1809	9406970	Great Mother
1810	9406980	Mushrooming
1811	9406990	Service Games
1812	9307210	U-Fou Catcher
1813	9307220	Chaldea Fighter
1814	9307230	Opera in Arcade
1815	9307240	Run, Alter, Run!
1816	9307250	Relapse
1817	9407000	Cradle Song
1818	9307260	Aestus Estus
1819	9307270	Offering to the Gods
1820	9307280	Growling Puppy
1821	9407010	Princess in Silks
1822	9407020	Diviner's Eight Stone Leap
1823	9407030	Gimmick Master
1824	9407040	House of Repose
1825	9407050	Winner's Eye
1826	9307300	What Comes to Mind
1827	9407070	Talon Decorations of Chaos
1828	9407060	Twilight Meditation
1829	9407120	Box of Confessions
1830	9407130	Labyrinth of Remnant Flowers
1831	9407140	The Illegitimate Red Child's Dream
1832	9407150	It's Only a Paper Moon
1833	9307320	Vallabha's Knife
1834	9307340	Śakuni's Dice
1835	9307330	Valiant Divine Beast
1836	9407160	Perennial Spirit Elemental
1837	9307350	strange Fake
1838	9407080	Sweat Blood
1839	9407090	Flowers of the Sun
1840	9407100	Be Shelved
1841	9407110	Artisanal Spirit
1842	9307310	Monster's Golden Sword
1843	9307410	Celebration Portrait: Achilles
1844	9307420	Celebration Portrait: Ashiya Douman
1845	9307430	Celebration Portrait: Asclepius
1846	9307440	Celebration Portrait: Abigail Williams
1847	9307450	Celebration Portrait: Ibuki-Douji
1848	9307460	Celebration Portrait: Ereshkigal
1849	9307470	Celebration Portrait: Okada Izo
1850	9307800	Celebration Portrait: Pope Johanna
1851	9307480	Celebration Portrait: Kama
1852	9307490	Celebration Portrait: Circe
1853	9307500	Celebration Portrait: Cú Chulainn
1854	9307510	Celebration Portrait: Kukulcan
1855	9307520	Celebration Portrait: Gray
1856	9307530	Celebration Portrait: Kōnstantînos XI
1857	9307540	Celebration Portrait: Saito Hajime
1858	9307550	Celebration Portrait: Sakamoto Ryouma
1859	9307560	Celebration Portrait: Salome
1860	9307570	Celebration Portrait: Qin Shi Huang
1861	9307580	Celebration Portrait: Charlemagne
1862	9307590	Celebration Portrait: Jeanne d'Arc
1863	9307600	Celebration Portrait: Xu Fu
1864	9307610	Celebration Portrait: Scáthach
1865	9307620	Celebration Portrait: Sei Shounagon
1866	9307630	Celebration Portrait: Sétanta
1867	9307650	Celebration Portrait: Taigong Wang
1868	9307660	Celebration Portrait: Taisui Xingjun
1869	9307670	Celebration Portrait: Taira-no-Kagekiyo
1870	9307680	Celebration Portrait: Takasugi Shinsaku
1871	9307810	Celebration Portrait: Larva/Tiamat
1872	9307690	Celebration Portrait: Tenochtitlan
1873	9307700	Celebration Portrait: Tomoe Gozen
1874	9307640	Celebration Portrait: Sodom's Beast/Draco
1875	9307710	Celebration Portrait: Nezha
1876	9307720	Celebration Portrait: Nitocris
1877	9307730	Celebration Portrait: Bhīma
1878	9307740	Celebration Portrait: Frankenstein
1879	9307750	Celebration Portrait: Beni-Enma
1880	9307760	Celebration Portrait: Manannan mac Lir
1881	9307770	Celebration Portrait: Mordred
1882	9307780	Celebration Portrait: Yamanami Keisuke
1883	9307790	Celebration Portrait: Yang Guifei
1884	9307820	Celebration Portrait: Prince of Lan Ling
1885	9307830	Celebration Portrait: Lady Avalon
1886	9307840	Celebration Portrait: Locusta
1887	9307400	The Wrap Party Never Ends
1888	9407310	Chasmatis
1889	9407320	Before the Party
1890	9407330	In a Corner of the Light
1891	9407340	The Lamb of Orleans
1892	9407350	Eight Bloodlines
1893	9307920	Summer Castle
1894	9307930	Hold Me Tight for Each Rice that Comes By
1895	9407230	Dazzling Moon
1896	9407240	Cactus City
1897	9407250	Beyond the Waves
1898	9407260	Summer Break
1899	9407270	Rounds Beach
1900	9407280	In Sickness and In Health
1901	9407290	Apart, but Together
1902	9407300	Beyond the Bubbles
1903	9307850	2023 Year's...
1904	9307860	Dashing Through Summer
1905	9307870	As a Friend, For Now...
1906	9808770	Chaldea Game Night - Let's Play with Altria
1907	9808790	Mount Altriang
1908	9808850	Phantasma - Mordred Photo Collection
1909	9808810	Teach Us! Secrets to Health!
1910	9808830	Ex Bean Paste Photo Collection
1911	9307910	Once More in Salisbury
1912	9307880	Trophy for You
1913	9307890	UDK Members Wanted
1914	9307900	\"Gentle Rain in a Dark Forest\"
1915	9808780	Chaldea Game Night
1916	9808800	Tokimeki Iron Whip
1917	9808820	Super Doctor
1918	9808840	Dog Days Bishonen Records
1919	9808860	EVER DARK ~Eternal Night Frontline~
1920	9808870	Faerie Britain's Summer Break
1921	9808880	Tropical Island Festival
1922	9407360	President Ocean
1923	9407370	Ref-Rain
1924	9407380	Smile Knight
1925	9407390	Still on the Road
1926	9407400	How To Travel the Stars
1927	9307940	Wandjina Helmet
1928	9307390	Samurai Remnant
1929	9407190	Bibliophilia
1930	9407200	Day and Night
1931	9407210	Your Adventure
1932	9407220	Remnants on the Sand Board
1933	9307360	Wax Tablet and Stylus
1934	9307380	Aim, Ready, Shoot
1935	9307370	Guiding Red Thread
1936	9407450	The Blank Man
1937	9407460	Natural Predator
1938	9407470	Misty Scene
1939	9307990	Pilgrimage Festival/Six
1940	9407410	Highway Meteor Shower
1941	9407420	Northern Willow
1942	9407430	Further than Mount Fuji
1943	9407440	How to Life
1944	9808890	CE EXP Card: Nice-Gai
1945	9808900	CE EXP Card: Leave it to Saika
1946	9307970	Takeda's Pride
1947	9307980	A Man's Willpower
1948	9307950	The Inherited Spirit
1949	9407480	From NFF with Love
1950	9307960	Biten's One and Only
1951	9407490	Octo Nautica
1952	9407500	Comme un Sablier
1953	9407510	A Very Precious Gift
1954	9407520	Silent Night, Holy Blue
1955	9308000	Holy Run of 2025
1956	9308040	Satellite Station 23-24
1957	9407170	Fiery Manes
1958	9407530	Goddesses' Fortune
1959	9407540	First Bloom with Crane
1960	9407550	In the Pacific Rim Region
1961	9308010	Dragon Dance
1962	9808910	CE EXP Card: New Year's Food is Nice and All, But...
1963	9308030	My Beloved Days
1964	9308020	Faerie Britain New Year's Ritual
1965	9308050	Waxing Moon Ritual
1966	9407560	Woman of the Niten Ichiryu
1967	9407570	A Chance Encounter
1968	9407580	An Even Match
1969	9407590	Dumplings over the Moon
1970	9308060	Ox-King's Great Divine Messenger
1971	9308070	Pair of White Swords
1972	9308080	A Night at the Port
1973	9308100	Twilight Portrait: Saber
1974	9308110	Twilight Portrait: Archer
1975	9308120	Twilight Portrait: Lancer
1976	9308130	Twilight Portrait: Rider
1977	9308140	Twilight Portrait: Caster
1978	9308150	Twilight Portrait: Assassin
1979	9308160	Twilight Portrait: Berserker
1980	9308170	Pilgrimage Festival/Seven
1981	9407600	Milky Way
1982	9407610	Chocolate Rafting
1983	9407620	Sweet Flower
1984	9407630	A Reward Awaits After Your Studies
1985	9308090	Divine Oracle's Chains
1986	9808920	Herald of Spring
1987	9808940	Eat It with Everybody
1988	9808930	Limbo's Sweet Delights
1989	9808960	It's Not Much...
1990	9808950	Coupon for a Pummeling
1991	9808970	Karakuri Base (Faceless)
1992	9808980	Bhīma's Special Feast
1993	9809000	The Finest of Belts, Selected by Yours Truly
1994	9808990	Trishula Chocolate
1995	9809010	Cerberus Chocolate
1996	9809020	Tale of Morgania
1997	9809030	Shiny Trumpet
1998	9809080	Handmade Friendship Chocolate
1999	9809090	Gift from a Fan
2000	9809070	Brilliant Queen's Heart
2001	9809040	Blue Sky Vanilla Cocktail
2002	9809050	Loco Moco UDK
2003	9809060	Choconunnos (Combined)
2004	9809100	Big Koala Chocolate
2005	9809110	Library Key and Compass
2006	9809130	Hannyatou Bonbons
2007	9809120	Crocheted Doll (Asterios)
2008	9809150	Kai Crimson
2009	9809170	Let's Go to the Movies
2010	9809160	Rifle, Fireflies, and Chocolate
2011	9809140	A Cup of Sake and Salted Chocolates
2012	9809180	Triton Gift Card
2013	9809190	Morning Meal
2014	9809200	Protective Magatama
2015	9809220	Black Armor Visor
2016	9809230	Zen Garden Chocolate
2017	9809210	(A lot of) Buddha Statues
2018	9809240	BFF Rock Chocolates
2019	9809250	Prière Galaxy
2020	9407740	Chaldea Morning
2021	9407640	BRD
2022	9407650	Capricious
2023	9407660	Enemies in the Same Boat
2024	9407670	Dabbling in Magecraft
2025	9407680	Chaldea Detectives
2026	9407690	Greedy Dice
2027	9407700	Crystal of Wisdom
2028	9407710	Smooth Sailing
2029	9407720	Master's Day Off
2030	9407730	Cyrano de Bergerac
2031	9407750	One Who Failed To Achieve Immortality
2032	9407760	Recollections of Smoke
2033	9407770	Ordinary Blade
2034	9407780	Faraway Days
2035	9308180	Guillotine Ricanante
2036	9308190	Black Blade
2037	9308200	Fourteen Stones
2038	9308210	Queen's Necklace
2039	9308220	Meeting in Spring
2040	9308230	Pilgrimage Festival/Eight
2041	9407800	Puppeteer's Respite
2042	9407810	Phantasmal's Food Crawl
2043	9407820	Those Who Watch Over the Night
2044	9407830	School in Misaki
2045	9407840	Hot Springs Ball Games
2046	9809260	CE EXP Card: Strange Twins
2047	9809270	CE EXP Card: The Talkative Detective Robin
2048	9308240	Waiting in the Sky
2049	9308260	Secret Staff Meal Recipe
2050	9308250	Who Killed Cock Robin
2051	9407180	Slimy Black Bog
2052	9407850	Checking Reports
2053	9407860	Someday, We Can Cross Through the River of Stars
2054	9407870	Undersea Banquet
2055	9407880	Arrival of the Large Beasts
2056	9407890	Mr. Red Gadget
2057	9308270	Matching Aprons
2058	9308360	Exhibition Attire: Asclepius
2059	9308370	Exhibition Attire: Astolfo
2060	9308380	Exhibition Attire: Abigail Williams
2061	9308390	Exhibition Attire: Amakusa Shirou
2062	9308590	Exhibition Attire: Aesc the Rain Witch
2063	9308530	Exhibition Attire: Antonio Salieri
2064	9308400	Exhibition Attire: Andromeda
2065	9308410	Exhibition Attire: Jason
2066	9308420	Exhibition Attire: Izumo-no-Okuni
2067	9308430	Exhibition Attire: Yan Qing
2068	9308440	Exhibition Attire: Oda Nobunaga
2069	9308450	Exhibition Attire: Oberon
2070	9308460	Exhibition Attire: Kama
2071	9308470	Exhibition Attire: Katsushika Hokusai
2072	9308750	Exhibition Attire: The Count of Monte Cristo
2073	9308480	Exhibition Attire: Cú Chulainn
2074	9308500	Exhibition Attire: Sakata Kintoki
2075	9308510	Exhibition Attire: Sakamoto Ryouma
2076	9308520	Exhibition Attire: Sasaki Kojirou
2077	9308720	Exhibition Attire: Miyamoto Musashi
2078	9308540	Exhibition Attire: Sei Shounagon
2079	9308550	Exhibition Attire: Sen-no-Rikyu
2080	9308560	Exhibition Attire: Takasugi Shinsaku
2081	9308570	Exhibition Attire: Takeda Shingen
2082	9308600	Exhibition Attire: Nagakura Shinpachi
2083	9308610	Exhibition Attire: Mysterious Heroine X
2084	9308630	Exhibition Attire: Cnoc na Riabh Yaraan-doo
2085	9308640	Exhibition Attire: Boudica
2086	9308650	Exhibition Attire: Fuuma \"Evil-wind\" Kotarou
2087	9308660	Exhibition Attire: Ptolemaîos
2088	9308670	Exhibition Attire: Britomart
2089	9308680	Exhibition Attire: Bedivere
2090	9308690	Exhibition Attire: Hephaistíon
2091	9308710	Exhibition Attire: Marie Antoinette
2092	9308700	Exhibition Attire: Minamoto-no-Raikou
2093	9308730	Exhibition Attire: Mélusine
2094	9308740	Exhibition Attire: Mori Nagayoshi
2095	9308760	Exhibition Attire: Yui Shousetsu
2096	9308350	Exhibition Attire: UDK-Barghest
2097	9308490	Exhibition Attire: Tam Lin Tristan
2098	9308770	Exhibition Attire: Hassan of the Shining Star
2099	9308580	Exhibition Attire: Larva/Tiamat
2100	9407980	Flames of Applause
2101	9407990	Crown & August
2102	9408000	Welcome to Expo
2103	9408010	King of Tsukimihara Academy
2104	9408020	Shinji Tank, Attack!
2105	9308780	Epitaph of the Star Sword
2106	9308790	\"You've Lost Ritsuka Fujimaru\" Season 2
2107	9308280	Fate/stay night REMASTERED
2108	9407900	With the Moon
2109	9407910	Poolside Maid
2110	9407920	Portable Modak
2111	9407930	Bright Blue
2112	9407940	Queen Killer
2113	9407950	The Souq
2114	9407960	Scenic Beauty, Transcendent Work of Art
2115	9407970	Blowin' in the Twilight Wind
2116	9308300	Moon Bow
2117	9308310	Tatars' Lance
2118	9308320	I was Spinning Around During the Afterglow Sky
2119	9308290	Golden☆Celeb Night
2120	9308330	Registration for Relocating to the Moon
2121	9308340	Trickmaster
2122	9408030	Paradise of Ecstasy
2123	9408040	The Beginning of an Escape
2124	9408060	Wings of Manuscript
2125	9408050	Sea-Preserving Cherry Blossom-Filled Dream
2126	9308800	Proof of Graduation
2127	9308810	Proof of Graduation
2128	9408110	Lord of the Department of Mineralogy
2129	9408120	Parched Fist
2130	9408130	Geis of Falsehoods
2131	9408070	More than Any Gemstones in this World
2132	9408080	Song of Slumber
2133	9408090	Father's Cooking
2134	9408100	With My Father
2135	9308820	An Extra Moment at the Foot-Washing Mansion
2136	9408140	Pilgrimage on The Starry Night
2137	9408150	Oasis Knight
2138	9408160	Depraved Monk of the West
2139	9408170	Pioneering Onis
2140	9308830	Motherly Heart
2141	9308840	The Deepest Lamp
2142	9408220	Secret Mission
2143	9308880	Satellite Station 24-25
2144	9408180	Lamp in Hand
2145	9408190	FLower Doll
2146	9408200	Toy Gate
2147	9408210	December 23rd
2148	9308850	Feast of the Eagle Witch
2149	9308860	Étoile Ornament
2150	9408230	Blessed Be the Holy Night
2151	9408240	New Year Present
2152	9408250	Mysterious Cat G
2153	9408260	Magical Sion
2154	9308870	Phantasm Rod: Grace
2155	9408270	The Glow of Dawn
2156	9408280	Waiting for Spring With You
2157	9408290	The One Who Roughs Up Old Ruins
2158	9308890	First Calligraphy
2159	9809280	CE EXP Card: Caduceus
2160	9308910	Three Lions, Three Shadowed Maidens
2161	9308900	Let's Play Soccer!
2162	9308920	Evocation Festival/Part 1
2163	9308930	Evocation Festival/Part 2
2164	9308940	Evocation Festival/Part 3
2165	9308950	Evocation Festival/Part 4
2166	9308960	Evocation Festival/Part 5
2167	9408300	The Treasure
2168	9408310	Hunting Dragons
2169	9408320	Snake Senpais
2170	9408330	Desert Maiden
2171	9308970	The Spear that Killed a Certain Serpent
2172	9308980	Treasured Sword of the Takanashi Family
2173	9408380	My Little Dragon
2174	9309000	Evocation Festival/Part 9
2175	9408340	Lily Chocolat
2176	9408350	The Voice of the One I've Waited For
2177	9408360	Comic Girl
2178	9408370	Sweet Lemon
2179	9308990	Komachi's Glasses
2180	9809300	Those Days I Once Lived
2181	9809290	A Fitting Hat
2182	9809320	Beyond Tomorrow
2183	9809310	A Return Gift of Quality
2184	9809330	Nostalgic Umbrella
2185	9809350	Tactical Equipment for Winter Cleaning
2186	9809340	My Dear - Bright Star
2187	9809360	Today's Soufflé Pancakes (Limited Edition)
2188	9809370	Beast Flash Choco
2189	9809400	Star Croissant
2190	9809380	Luqaimat!
2191	9809390	Master Doll
2192	9809410	Master in the Desert Glass
2193	9809420	Memorial Chocolate Frame
2194	9809430	Villain's Sweet Bar
2195	9809450	Third Place Gift
2196	9809440	Third Place Chocolate
2197	9809460	Atomacro Murian Sweets
2198	9809480	Tutan's Handcrafted Meal
2199	9809470	Chocolate×63
2200	9809500	Salmiakki Suklaakakku
2201	9809490	Advent Choco Box
2202	9809510	Moon UFO Choco
2203	9809520	Between Battlefields
2204	9809530	Famous Crest Choco
2205	9809540	Choco Monkeys
2206	9809550	Favorite Shoujo Manga Collection
2207	9809560	Chaldea Pastel Memory
2208	9309020	Evocation Festival/Part 10
2209	9408390	Needle of Sincerity
2210	9408400	Detective Cristo ~Chance Encounter in a Future Episode~
2211	9408410	Coal Lava
2212	9408420	Weather Report < P >
2213	9408430	Brothers' Special
2214	9408440	Riceball Remnant
2215	9408450	Chaldea Agents
2216	9408460	A Certain Priest's Banquet
2217	9408470	Delivery Healing
2218	9408480	A Conversation on Archery
2219	9309010	Sword of Sin
2220	9309070	Into the Spring
2221	9309080	Evocation Festival/Part 11
2222	9309090	Evocation Festival/Part 12
2223	9408490	Innate Time Control
2224	9408500	Weapon of the Magus Killer
2225	9408510	Hortensia
2226	9408520	Concert in Room 203
2227	9309030	Servant of God
2228	9309040	Wheel of Heaven
2229	9309050	The Back of the Exalted Cross
2230	9309060	Death, Death, Death
2231	9309110	Evocation Festival/Part 13
2232	9408540	The One Who Stands at the Summit of Sabers
2233	9408590	Blessed Bride
2234	9408550	Taste of Wish
2235	9408560	Dragon Trekking
2236	9408570	Everlasting Troy
2237	9408580	To the Sea
2238	9309100	Ephemeral Fruit
2239	9408600	The One Who Stands at the Summit of Berserkers
2240	9309150	Heroic Spirit Stellar Journey: Antonio Salieri
2241	9309250	Heroic Spirit Stellar Journey: Osakabehime
2242	9309230	Heroic Spirit Stellar Journey: Katou \"Black Kite\" Danzo ＆ Kashin Koji
2243	9309240	Heroic Spirit Stellar Journey: Kyokutei Bakin
2244	9309260	Heroic Spirit Stellar Journey: Xuanzang Sanzang
2245	9309270	Heroic Spirit Stellar Journey: Gilgamesh (Child)
2246	9309160	Heroic Spirit Stellar Journey: Jeanne d'Arc (Alter)
2247	9309280	Heroic Spirit Stellar Journey: Taigong Wang
2248	9309290	Heroic Spirit Stellar Journey: Taisui Xingjun
2249	9309170	Heroic Spirit Stellar Journey: Tezcatlipoca
2250	9309180	Heroic Spirit Stellar Journey: Tenochtitlan
2251	9309300	Heroic Spirit Stellar Journey: Fuuma \"Evil-wind\" Kotarou ＆ Hassan of the Shining Star
2252	9309190	Heroic Spirit Stellar Journey: Heracles
2253	9309200	Heroic Spirit Stellar Journey: Voyager
2254	9309130	Heroic Spirit Stellar Journey: Mash Kyrielight
2255	9309140	Heroic Spirit Stellar Journey: UDK-Barghest
2256	9309210	Heroic Spirit Stellar Journey: Larva/Tiamat
2257	9309310	Heroic Spirit Stellar Journey: Prince of Lan Ling
2258	9309220	Heroic Spirit Stellar Journey: Romulus=Quirinus
2259	9408610	Among the Nymphaea
2260	9408620	Dance of the Thunder God
2261	9408630	Festival of Light
2262	9408640	Sun Shower
2263	9309120	Elephant Riding God
2264	9408650	The One Who Stands at the Summit of Lancers
2265	9310590	Heroic Spirit Stellar Journey: Altria Caster
2266	9310600	Heroic Spirit Stellar Journey: Van Gogh
2267	9310610	Heroic Spirit Stellar Journey: Oberon
2268	9310620	Heroic Spirit Stellar Journey: Kama
2269	9310630	Heroic Spirit Stellar Journey: Carmilla & Medea
2270	9310640	Heroic Spirit Stellar Journey: Katsushika Hokusai
2271	9310650	Heroic Spirit Stellar Journey: The Count of Monte Cristo
2272	9310660	Heroic Spirit Stellar Journey: Takasugi Shinsaku
2273	9310670	Heroic Spirit Stellar Journey: Durga
2274	9310680	Heroic Spirit Stellar Journey: Nitocris
2275	9310690	Heroic Spirit Stellar Journey: Bartholomew Roberts & Edward Teach
2276	9310700	Heroic Spirit Stellar Journey: Hector
2277	9310710	Heroic Spirit Stellar Journey: Beni-Enma
2278	9310720	Heroic Spirit Stellar Journey: Merlin
2279	9310730	Heroic Spirit Stellar Journey: Mandricardo
2280	9310740	Heroic Spirit Stellar Journey: “Old Man of the Mountain”
2281	9310750	Heroic Spirit Stellar Journey: Koyanskaya of Dark
2282	9310760	Heroic Spirit Stellar Journey: Lady Avalon
2283	9310550	Servant Art Chronicle
2284	9309320	Heroic Spirit Celebratory Attire: Archetype:Earth
2285	9309330	Heroic Spirit Celebratory Attire: Arash
2286	9309340	Heroic Spirit Celebratory Attire: Aoko Aozaki
2287	9309350	Heroic Spirit Celebratory Attire: Achilles
2288	9309360	Heroic Spirit Celebratory Attire: Ashiya Douman
2289	9309370	Heroic Spirit Celebratory Attire: King Ashoka
2290	9309380	Heroic Spirit Celebratory Attire: Asclepius
2291	9309390	Heroic Spirit Celebratory Attire: Anastasia
2292	9309400	Heroic Spirit Celebratory Attire: Abigail Williams
2293	9309410	Heroic Spirit Celebratory Attire: Wolfgang Amadeus Mozart
2294	9309420	Heroic Spirit Celebratory Attire: Arjuna
2295	9309430	Heroic Spirit Celebratory Attire: Attila the San(ta)
2296	9309440	Heroic Spirit Celebratory Attire: Altria Pendragon
2297	9309450	Heroic Spirit Celebratory Attire: Ibuki-Douji
2298	9309460	Heroic Spirit Celebratory Attire: Indra
2299	9309470	Heroic Spirit Celebratory Attire: William Tell
2300	9309480	Heroic Spirit Celebratory Attire: Ushiwakamaru
2301	9309490	Heroic Spirit Celebratory Attire: Utsumi Erice
2302	9309500	Heroic Spirit Celebratory Attire: Vlad III
2303	9309510	Heroic Spirit Celebratory Attire: Vritra
2304	9309520	Heroic Spirit Celebratory Attire: Euryale
2305	9309530	Heroic Spirit Celebratory Attire: Emiya
2306	9309540	Heroic Spirit Celebratory Attire: Enkidu
2307	9309550	Heroic Spirit Celebratory Attire: Helena Blatvasky
2308	9309560	Heroic Spirit Celebratory Attire: Okita Souji
2309	9309570	Heroic Spirit Celebratory Attire: Ono no Komachi
2310	9309580	Heroic Spirit Celebratory Attire: Oberon
2311	9309590	Heroic Spirit Celebratory Attire: Pope Johanna
2312	9309600	Heroic Spirit Celebratory Attire: Kama
2313	9309610	Heroic Spirit Celebratory Attire: Kali
2314	9309620	Heroic Spirit Celebratory Attire: Caenis
2315	9309630	Heroic Spirit Celebratory Attire: Gawain
2316	9309640	Heroic Spirit Celebratory Attire: Kashin Koji
2317	9309650	Heroic Spirit Celebratory Attire: Katou \"Black Kite\" Danzo
2318	9309660	Heroic Spirit Celebratory Attire: Calamity Jane
2319	9309670	Heroic Spirit Celebratory Attire: Karna
2320	9309680	Heroic Spirit Celebratory Attire: Gareth
2321	9309690	Heroic Spirit Celebratory Attire: Kiichi Hougen
2322	9309700	Heroic Spirit Celebratory Attire: Kiyohime
2323	9309720	Heroic Spirit Celebratory Attire: Cú Chulainn
2324	9309730	Heroic Spirit Celebratory Attire: Kukulcan
2325	9309710	Heroic Spirit Celebratory Attire: Yu Mei-ren
2326	9309740	Heroic Spirit Celebratory Attire: Chloe
2327	9309750	Heroic Spirit Celebratory Attire: Kurohime
2328	9309760	Heroic Spirit Celebratory Attire: Xiang Yu
2329	9309770	Heroic Spirit Celebratory Attire: Huang Feihu
2330	9309780	Heroic Spirit Celebratory Attire: Huyan Zhuo
2331	9309790	Heroic Spirit Celebratory Attire: Komahime
2332	9309800	Heroic Spirit Celebratory Attire: Christopher Columbus
2333	9309810	Heroic Spirit Celebratory Attire: Saika Magoichi
2334	9309820	Heroic Spirit Celebratory Attire: Saito Hajime
2335	9309830	Heroic Spirit Celebratory Attire: Charles-Henri Sanson
2336	9309840	Heroic Spirit Celebratory Attire: James Moriarty
2337	9309850	Heroic Spirit Celebratory Attire: Qin Shi Huang
2338	9309860	Heroic Spirit Celebratory Attire: Sima Yi
2339	9309870	Heroic Spirit Celebratory Attire: Queen of Sheba
2340	9309880	Heroic Spirit Celebratory Attire: Sherlock Holmes
2341	9309890	Heroic Spirit Celebratory Attire: Jaguar Warrior
2342	9309900	Heroic Spirit Celebratory Attire: Jack the Ripper
2343	9309910	Heroic Spirit Celebratory Attire: Jacques de Molay
2344	9309920	Heroic Spirit Celebratory Attire: Xu Fu
2345	9309930	Heroic Spirit Celebratory Attire: Super Bunyan
2346	9309940	Heroic Spirit Celebratory Attire: Scátach
2347	9309950	Heroic Spirit Celebratory Attire: Sugitani Zenjubou
2348	9309960	Heroic Spirit Celebratory Attire: Suzuka Gozen (Summer Vacation)
2349	9309970	Heroic Spirit Celebratory Attire: Stheno
2350	9309980	Heroic Spirit Celebratory Attire: Red Hare
2351	9309990	Heroic Spirit Celebratory Attire: Setanta
2352	9310000	Heroic Spirit Celebratory Attire: Zenobia
2353	9310010	Heroic Spirit Celebratory Attire: Taigong Wang
2354	9310020	Heroic Spirit Celebratory Attire: Takasugi Shinsaku
2355	9310030	Heroic Spirit Celebratory Attire: Dante Alighieri
2356	9310040	Heroic Spirit Celebratory Attire: Zhang Yue
2357	9310050	Heroic Spirit Celebratory Attire: Hai Bà Trưng
2358	9310060	Heroic Spirit Celebratory Attire: Tutankhamun
2359	9310070	Heroic Spirit Celebratory Attire: Tezcatlipoca
2360	9310080	Heroic Spirit Celebratory Attire: Tenochtitlan
2361	9310090	Heroic Spirit Celebratory Attire: Dobrynya Nikitich
2362	9310100	Heroic Spirit Celebratory Attire: Nagakura Shinpachi
2363	9310110	Heroic Spirit Celebratory Attire: Mysterious Heroine XX
2364	9310120	Heroic Spirit Celebratory Attire: Napoleon
2365	9310130	Heroic Spirit Celebratory Attire: Nikola Tesla
2366	9310140	Heroic Spirit Celebratory Attire: Nitocris
2367	9310150	Heroic Spirit Celebratory Attire: Baobhan Sith
2368	9310160	Heroic Spirit Celebratory Attire: Barghest
2369	9310170	Heroic Spirit Celebratory Attire: Percival
2370	9310190	Heroic Spirit Celebratory Attire: Habetrot
2371	9310200	Heroic Spirit Celebratory Attire: Hijikata Toshizo
2372	9310210	Heroic Spirit Celebratory Attire: Biscione
2373	9310220	Heroic Spirit Celebratory Attire: Hassan of the Hundred Personas
2374	9310230	Heroic Spirit Celebratory Attire: Fionn mac Cumhaill
2375	9310240	Heroic Spirit Celebratory Attire: Wu Zetian
2376	9310250	Heroic Spirit Celebratory Attire: Bradamante
2377	9310260	Heroic Spirit Celebratory Attire: Frankenstein
2378	9310270	Heroic Spirit Celebratory Attire: Bedivere
2379	9310280	Heroic Spirit Celebratory Attire: Penthesilea
2380	9310290	Heroic Spirit Celebratory Attire: Merlin
2381	9310180	Heroic Spirit Celebratory Attire: Manannán mac Lir
2382	9310300	Heroic Spirit Celebratory Attire: Marie Antoinette
2383	9310310	Heroic Spirit Celebratory Attire: Mandricardo
2384	9310320	Heroic Spirit Celebratory Attire: Miss Crane
2385	9310330	Heroic Spirit Celebratory Attire: Minamoto-no-Tametomo
2386	9310340	Heroic Spirit Celebratory Attire: Miyamoto Iori
2387	9310350	Heroic Spirit Celebratory Attire: Medusa
2388	9310360	Heroic Spirit Celebratory Attire: Mélusine
2389	9310370	Heroic Spirit Celebratory Attire: Mochizuki Chiyome
2390	9310380	Heroic Spirit Celebratory Attire: Yamanami Keisuke
2391	9310390	Heroic Spirit Celebratory Attire: Prince of Lan Ling
2392	9310400	Heroic Spirit Celebratory Attire: Lilith
2393	9310410	Heroic Spirit Celebratory Attire: Leonardo da Vinci
2394	9310420	Heroic Spirit Celebratory Attire: Louhi
2395	9310430	Heroic Spirit Celebratory Attire: Watanabe-no-Tsuna
2396	9310540	Heroic Spirit Celebratory Attire: Wandjina
2397	9408660	Kingdom of Yours
2398	9408670	Concert of Rondo
2399	9408680	Pleasant Street
2400	9408690	Dismantling of Mystery
2401	9310440	The Now Passed Stargazer's Keepsake
2402	9310560	\"You've Lost Ritsuka Fujimaru\" Season 3
2403	9408700	此方より頂に至るもの
2404	9408710	彼方より頂に至るもの
2405	9310570	Fate/hollow ataraxia REMASTERED
2406	9408720	Stormy Night
2407	9408730	Empress Quest
2408	9408740	As a Dad
2409	9408750	Summer Inferno
2410	9408760	Veggie Chow Mein
2411	9408770	Sun Boat
2412	9408780	Sleeping Warrior
2413	9408790	A Hundred Sparkles
2414	9310460	Try the Punch
2415	9310470	A Wonderful (Shark) Gift
2416	9310480	Woah, No Way
2417	9310520	Boundary Cat Hat
2418	9310510	A Prayer Woven in Summer's Afterglow
2419	9310500	The Illusion of Youth by the Shore
2420	9310530	Sea-colored Refrain
2421	9310770	Heroic Spirit Stellar Journey: Astraea
2422	9310780	Heroic Spirit Stellar Journey: Arjuna
2423	9310790	Heroic Spirit Stellar Journey: Ibaraki-Douji
2424	9310800	Heroic Spirit Stellar Journey: Vritra
2425	9310810	Heroic Spirit Stellar Journey: Okada Izo
2426	9310820	Heroic Spirit Stellar Journey: Gray
2427	9310830	Heroic Spirit Stellar Journey: Shuten-Douji
2428	9310840	Heroic Spirit Stellar Journey: Red Hare
2429	9310850	Heroic Spirit Stellar Journey: Sen-no-Rikyu
2430	9310860	Heroic Spirit Stellar Journey: Florence Nightingale
2431	9310870	Heroic Spirit Stellar Journey: Baobhan Sith
2432	9310880	Heroic Spirit Stellar Journey: Percival
2433	9310890	Heroic Spirit Stellar Journey: Britomart
2434	9310900	Heroic Spirit Stellar Journey: Mordred
2435	9310920	Heroic Spirit Stellar Journey: Mori Nagayoshi
2436	9310910	Heroic Spirit Stellar Journey: Locusta
2437	9408800	Foreign God
2438	9408810	Beyond the Flood
2439	9408820	A Witch's Relaxation Spot
2440	9408830	Queen's Voyage
2441	9310930	Fill the Earth
2442	9408840	The One Who Stands at the Summit of Riders
2443	9310980	Heroic Spirit Stellar Journey: Ashiya Douman
2444	9310990	Heroic Spirit Stellar Journey: Altera
2445	9311000	Heroic Spirit Stellar Journey: Artoria Pendragon
2446	9311010	Heroic Spirit Stellar Journey: Utsumi Erice
2447	9311020	Heroic Spirit Stellar Journey: Kukulcan
2448	9311040	Heroic Spirit Stellar Journey: Quetzalcoatl
2449	9311030	Heroic Spirit Stellar Journey: Columbus
2450	9311050	Heroic Spirit Stellar Journey: Typhon Ephemeros
2451	9311060	Heroic Spirit Stellar Journey: Mysterious Heroine X
2452	9311070	Heroic Spirit Stellar Journey: Frankenstein
2453	9311080	Heroic Spirit Stellar Journey: Paul Bunyan
2454	9311090	Heroic Spirit Stellar Journey: Mélusine
2455	9311100	Heroic Spirit Stellar Journey: Yamato Takeru
2456	9311110	Heroic Spirit Stellar Journey: Rama
2457	9311120	Heroic Spirit Stellar Journey: Lancelot
2458	9311130	Heroic Spirit Stellar Journey: Leonardo da Vinci
2459	9408850	Capital Maelstrom
2460	9408860	On a Night of Fireflies
2461	9408870	Gudaguda Shinsegumi
2462	9408880	Dual Burning
2463	9809570	CE EXP Card: Munching Gensai
2464	9809580	CE EXP Card: The Would-Be Dead Red Wolf
2465	9310940	Just Your Everyday Rice Ball
2466	9310970	Artificial Limb
2467	9310950	Mainland Breeze
2468	9310960	誠の旗
2469	9408890	戦場の中へ
2470	9408900	花散るとき
2471	9408910	ハンティング
2472	9408920	暗殺者の頂に立つもの
2473	9408930	スペース・ミストレス
2474	9408940	アンダー・スラム
2475	9408950	マーズ・シューティング
2476	9408960	遠い星の私へ
2477	9311140	カ星を救いし槍
2478	9311150	恐るべき教団マニュアル
2479	9311160	英霊星行：アステリオス
2480	9311170	英霊星行：アナスタシア
2481	9311180	英霊星行：エウリュアレ
2482	9311190	英霊星行：女教皇ヨハンナ
2483	9311200	英霊星行：近藤勇
2484	9311210	英霊星行：ジェームズ・モリアーティ
2485	9311220	英霊星行：シャーロック・ホームズ
2486	9311230	英霊星行：シャルロット・コルデー
2487	9311240	英霊星行：鈴鹿御前
2488	9311250	英霊星行：ドブルイニャ・ニキチッチ
2489	9311260	英霊星行：土方歳三
2490	9311270	英霊星行：ビショーネ
2491	9311280	英霊星行：ブラダマンテ
2492	9311290	英霊星行：ロウヒ
2493	9311300	巡霊の祝祭／拾肆
2494	9408970	弓兵の頂に立つもの
2495	9311520	英霊星行：アビゲイル・ウィリアムズ
2496	9311530	英霊星行：アンドロメダ
2497	9311540	英霊星行：イシュタル
2498	9311550	英霊星行：イリヤスフィール
2499	9311560	英霊星行：エレシュキガル
2500	9311570	英霊星行：クリームヒルト
2501	9311580	英霊星行：ジークフリート
2502	9311590	英霊星行：ダンテ・アリギエーリ
2503	9311600	英霊星行：ハベトロット
2504	9311610	英霊星行：卑弥呼
2505	9311620	英霊星行：ミス・クレーン
2506	9311630	英霊星行：宮本武蔵
2507	9311640	英霊星行：柳生但馬守宗矩
2508	9311650	英霊星行：リリス
2509	9408990	Those from Chaldea
2510	9408980	魔術師の頂に立つもの
2511	9311660	王に還る偉業
2512	9311310	英霊極点：蘆屋道満
2513	9311320	英霊極点：アルトリア・ペンドラゴン
2514	9311330	英霊極点：燕青
2515	9311340	英霊極点：オリオン
2516	9311350	英霊極点：カーマ
2517	9311360	英霊極点：ギルガメッシュ
2518	9311370	英霊極点：坂田金時
2519	9311380	英霊極点：シグルド
2520	9311390	英霊極点：ジャンヌ・ダルク
2521	9311400	英霊極点：スカサハ＝スカディ
2522	9311410	英霊極点：スペース・イシュタル
2523	9311420	英霊極点：巴御前
2524	9311430	英霊極点：ネモ
2525	9311440	英霊極点：ＢＢ
2526	9311450	英霊極点：マシュ・キリエライト
2527	9311460	英霊極点：メリュジーヌ
2528	9311470	英霊極点：モルガン
2529	9311480	英霊極点：闇のコヤンスカヤ
2530	9311490	英霊極点：レオナルド・ダ・ヴィンチ
2531	9311500	英霊極点：レディ・アヴァロン
2532	9311510	英霊極点：ロムルス＝クィリヌス
2533	9311670	約束の未来へ
2534	9409000	黎明
2535	9409010	願い事
2536	9409020	優駿
2537	9311690	アトラスの守り
2538	9809590	概念礼装EXPカード：わたしの小さなウマ
2539	9311680	刻の終わり
2540	9311700	ファーストミッション当日
2541	9311710	Visitor
2542	9311760	サテライトステーション26
2543	9409030	女神に捧ぐ花
2544	9409040	梳り櫛
2545	9409050	黄巾の庭師
2546	9409060	戯れの蕾
2547	9311730	桜色の風景
2548	9311750	三井の晩鐘
2549	9311740	春の西風
2550	9311720	The Nameless Soldier
2551	9409170	ダブル・スイート
2552	9409180	スノー・ハート
2553	9409190	バレンタイン・ランチ
2554	9409200	サイン・オブ・スプリング
2555	9311780	アンブロシア結晶
2556	9809600	フフ……栄光と勝利の月桂冠
2557	9809610	トリニティ・メタトロンチョコ
2558	9809620	磨崖碑文
2559	9809630	イノセント・ダーク
2560	9809640	アナザースペース・アナザーディメンジョン
2561	9809650	スカイドーム
2562	9809660	所長のお気に入り
2563	9809670	アップルリップ・アイランド
2564	9809680	シャークチェス・チョコ
2565	9809690	呼延灼アイランドチョコ
2566	9809700	五宝月団子
2567	9809710	妖精イリヤチョコ（4/7スケール）
2568	9809720	本日の紅茶
2569	9809730	鶴とココアと雛ぬいと
2570	9809740	なだめの香り
2571	9809750	にゃんにゃんチョコ（仮）
2572	9809760	青い帯留め
2573	9809770	大陸の絹織物
2574	9809780	毛皮の肩掛け
2575	9809790	ファイナルハロウィン・スペシャルチョコ
2576	9809800	キングエリザチョコ
2577	9809810	グランドセイバーチョコ
2578	9809820	花咲かじいさんの縁側
2579	9809830	ごく普通のカレー
2580	9809840	チョコレートの花園
2581	9809850	チョコチップメロンパン
2582	9809860	カルデア・ホームスイートホーム
2583	9409210	記憶の大図書館
2584	9409070	トラジェクトリー・オブ・フェイト
2585	9409080	ファイブ・ラウンズ
2586	9409090	プレゼント・フォー・ユー
2587	9409100	Studio Legale G
2588	9409110	Breaching
2589	9409120	フェアリー・ファーム
2590	9409130	グランド・ギャザリング
2591	9409140	ライト・オブ・ナイト
2592	9409150	ドラバス～10th記念ライブ～
2593	9409160	翠嶺の息吹
2594	9311770	我に来たれ、貴き君よ
2595	9311790	春の園へ
2596	9409220	月海原生徒会の会計
2597	9409230	裏庭の厨房
2598	9409240	選ばれし者
2599	9409250	花霞
2600	9409260	輝く石のように
2601	9409270	もてなしの流儀
2602	9409280	アライアンス
2603	9809890	概念礼装EXPカード：ロックにキメてこうぜ！
2604	9311800	白紙の経典（奇の章）
2605	9311820	月とラブリュス
2606	9311810	死因に非ず
2607	9409320	流転の剣聖
2608	9409290	未だ見ぬ勝利
2609	9409300	苦い記憶
2610	9409310	惨禍の萌芽
2611	9311830	貴方への祈り
